Kingdom,Phylum,Class,Order,Family,Genus,Species,2631,2631IL,2954,2954IL,3404,3404IL,678,678IL,8172,8172IL,8627,8627IL,8815,8815IL,9524,9524IL,1147,1147IL,1149,1149IL,152,152IL,17246,17246IL
[SK] unknown,,,,,,,1739,13432,1977,6934,1568,7443,1925,7758,1794,6621,2716,10415,2463,6618,2278,6249,3181,11484,3748,10182,2545,5610,2041,10647
[SK] Archaea,,,,,,,7,41,4,17,4,34,5,22,5,11,10,40,4,15,14,17,7,32,7,16,12,11,1,42
[SK] Archaea, [P] Euryarchaeota,,,,,,36,284,100,223,64,183,140,317,88,208,168,218,103,166,111,164,111,262,78,232,74,139,80,244
[SK] Archaea, [P] Euryarchaeota, [C] Methanobacteria, [O] Methanobacteriales,,,,2,13,0,1,0,3,0,5,1,1,0,6,0,5,0,17,1,16,0,7,2,5,0,7
[SK] Archaea, [P] Euryarchaeota, [C] Methanobacteria, [O] Methanobacteriales, [F] Methanobacteriaceae,,,86,343,34,88,68,157,11,118,22,77,29,134,45,94,71,371,66,554,33,226,36,126,20,258
[SK] Archaea, [P] Euryarchaeota, [C] Methanobacteria, [O] Methanobacteriales, [F] Methanobacteriaceae, [G] Methanobrevibacter,,540,2731,470,550,481,1117,179,1081,237,411,343,1421,332,545,634,1533,597,3312,191,1225,300,756,257,1794
[SK] Archaea, [P] Euryarchaeota, [C] Methanobacteria, [O] Methanobacteriales, [F] Methanobacteriaceae, [G] Methanobrevibacter, [S] Methanobrevibacter millerae,198,700,0,0,53,0,0,0,0,0,0,383,0,0,0,0,0,376,0,0,0,0,0,236
[SK] Archaea, [P] Euryarchaeota, [C] Methanobacteria, [O] Methanobacteriales, [F] Methanobacteriaceae, [G] Methanobrevibacter, [S] Methanobrevibacter olleyae,0,246,0,0,0,0,0,0,0,0,0,0,0,0,0,0,0,0,0,0,0,0,0,0
[SK] Archaea, [P] Euryarchaeota, [C] Methanobacteria, [O] Methanobacteriales, [F] Methanobacteriaceae, [G] Methanobrevibacter, [S] Methanobrevibacter ruminantium,0,247,0,0,0,0,0,0,0,0,0,0,0,0,0,0,0,0,0,0,0,0,0,0
[SK] Archaea, [P] Euryarchaeota, [C] Methanobacteria, [O] Methanobacteriales, [F] Methanobacteriaceae, [G] Methanobrevibacter, [S] Methanobrevibacter sp. YE315,0,0,0,0,57,0,0,0,0,0,0,0,0,0,0,0,0,0,0,0,0,0,0,0
[SK] Archaea, [P] Euryarchaeota, [C] Methanobacteria, [O] Methanobacteriales, [F] Methanobacteriaceae, [G] Methanosphaera,,0,0,0,0,0,0,0,0,0,0,0,0,0,0,0,0,0,0,0,0,0,0,0,161
[SK] Archaea, [P] Euryarchaeota, [C] Thermoplasmata,,,,,0,0,0,0,0,0,0,0,0,0,0,240,0,0,0,0,0,0,0,0,0,0,0,0
[SK] Bacteria,,,,,,,16344,70474,20976,43032,12389,33376,17853,51585,16442,49999,24435,64762,17862,49766,24237,53806,21479,79663,11811,65911,22224,38611,15071,49326
[SK] Bacteria, [P] Acidobacteria,,,,,,0,0,0,0,0,0,0,0,0,0,0,0,0,0,0,0,2,0,0,0,0,0,0,7
[SK] Bacteria, [P] Acidobacteria, [C] Acidobacteriia, [O] Acidobacteriales, [F] Acidobacteriaceae,,,0,0,0,0,0,0,0,0,0,0,0,0,0,0,0,0,3,0,0,0,0,0,0,9
[SK] Bacteria, [P] Acidobacteria, [C] Acidobacteriia, [O] Acidobacteriales, [F] Acidobacteriaceae, [G] Terriglobus, [S] Terriglobus sp. TAA 43,0,0,0,0,0,0,0,0,0,0,0,0,0,0,0,0,97,0,0,0,0,0,0,179
[SK] Bacteria, [P] Actinobacteria <phylum>,,,,,,42,74,43,36,62,32,28,38,30,50,43,50,61,45,112,55,130,152,28,84,80,39,38,205
[SK] Bacteria, [P] Actinobacteria <phylum>, [C] Actinobacteria,,,,,175,404,123,318,131,225,165,332,154,322,202,509,175,343,237,328,153,697,103,349,223,317,199,483
[SK] Bacteria, [P] Actinobacteria <phylum>, [C] Actinobacteria, [O] Bifidobacteriales,,,,9,14,1,0,2,3,0,0,0,0,0,0,0,0,0,0,0,0,1,25,0,0,0,3
[SK] Bacteria, [P] Actinobacteria <phylum>, [C] Actinobacteria, [O] Bifidobacteriales, [F] Bifidobacteriaceae,,,18,68,15,0,38,20,0,0,0,0,13,0,92,0,0,0,98,0,16,58,107,0,0,42
[SK] Bacteria, [P] Actinobacteria <phylum>, [C] Actinobacteria, [O] Bifidobacteriales, [F] Bifidobacteriaceae, [G] Bifidobacterium,,388,618,112,0,147,233,0,0,0,0,114,0,0,0,0,0,0,0,163,1048,0,0,0,166
[SK] Bacteria, [P] Actinobacteria <phylum>, [C] Actinobacteria, [O] Bifidobacteriales, [F] Bifidobacteriaceae, [G] Bifidobacterium, [S] Bifidobacterium merycicum,0,0,0,0,83,0,0,0,0,0,0,0,0,0,0,0,0,0,0,0,0,0,0,0
[SK] Bacteria, [P] Actinobacteria <phylum>, [C] Actinobacteria, [O] Corynebacteriales,,,,0,345,0,190,0,0,0,0,0,0,0,0,0,0,0,0,0,0,0,0,0,0,0,0
[SK] Bacteria, [P] Actinobacteria <phylum>, [C] Actinobacteria, [O] Micrococcales,,,,0,0,0,0,54,0,0,0,0,0,0,0,0,0,0,0,53,0,0,0,0,0,0,0
[SK] Bacteria, [P] Actinobacteria <phylum>, [C] Actinobacteria, [O] Micrococcales, [F] Micrococcaceae,,,0,0,0,0,0,0,0,0,0,0,0,0,0,0,0,0,28,0,0,0,0,0,0,0
[SK] Bacteria, [P] Actinobacteria <phylum>, [C] Actinobacteria, [O] Micrococcales, [F] Micrococcaceae, [G] Arthrobacter,,0,0,0,0,0,0,0,0,0,0,0,0,0,0,0,0,111,0,0,0,0,0,0,0
[SK] Bacteria, [P] Actinobacteria <phylum>, [C] Coriobacteriia,,,,,56,276,75,251,104,183,40,351,69,240,76,345,42,153,148,285,157,236,42,88,103,146,96,255
[SK] Bacteria, [P] Actinobacteria <phylum>, [C] Coriobacteriia, [O] Coriobacteriales,,,,129,262,110,0,105,159,52,0,127,300,111,0,131,155,395,356,265,544,79,246,257,229,112,738
[SK] Bacteria, [P] Actinobacteria <phylum>, [C] Coriobacteriia, [O] Coriobacteriales, [F] Atopobiaceae,,,72,0,47,0,80,0,38,0,77,0,65,0,118,216,168,0,174,135,0,212,150,0,60,211
[SK] Bacteria, [P] Actinobacteria <phylum>, [C] Coriobacteriia, [O] Coriobacteriales, [F] Atopobiaceae, [G] Olsenella,,170,0,199,0,203,0,112,0,184,0,204,0,318,0,572,0,511,301,0,0,434,0,149,455
[SK] Bacteria, [P] Actinobacteria <phylum>, [C] Coriobacteriia, [O] Coriobacteriales, [F] Coriobacteriaceae,,,0,0,0,0,0,0,0,0,0,0,0,0,0,0,0,0,92,0,0,0,0,0,0,219
[SK] Bacteria, [P] Actinobacteria <phylum>, [C] Coriobacteriia, [O] Eggerthellales, [F] Eggerthellaceae,,,141,0,137,0,133,0,99,0,82,0,129,0,100,0,253,0,221,424,0,228,165,0,0,342
[SK] Bacteria, [P] Actinobacteria <phylum>, [C] Coriobacteriia, [O] Eggerthellales, [F] Eggerthellaceae, [G] Slackia,,0,0,0,0,9,0,0,0,0,0,102,0,0,0,0,0,0,0,0,0,0,0,0,0
[SK] Bacteria, [P] Actinobacteria <phylum>, [C] Coriobacteriia, [O] Eggerthellales, [F] Eggerthellaceae, [G] Slackia, [S] Slackia heliotrinireducens,0,0,0,0,57,0,0,0,0,0,0,0,0,0,0,0,0,0,0,0,0,0,0,0
[SK] Bacteria, [P] Bacteroidetes,,,,,,1466,11023,3253,6507,963,4749,2507,7988,2462,8204,2980,9335,2386,8545,3621,9116,2489,10922,1869,9689,3013,5871,2244,5743
[SK] Bacteria, [P] Bacteroidetes, [C] Bacteroidia,,,,,237,1836,478,973,152,804,402,1380,415,1465,502,1577,401,1455,520,1521,383,1826,302,1714,503,1043,311,805
[SK] Bacteria, [P] Bacteroidetes, [C] Bacteroidia, [O] Bacteroidales,,,,8377,52641,19857,31805,5507,24344,17226,43950,19263,52738,17029,42594,13846,46757,20719,48561,15527,58741,9910,47094,23623,39152,15917,27652
[SK] Bacteria, [P] Bacteroidetes, [C] Bacteroidia, [O] Bacteroidales, [F] Bacteroidaceae,,,59,324,119,251,50,225,91,288,78,277,117,352,118,268,155,299,102,420,66,314,113,191,53,235
[SK] Bacteria, [P] Bacteroidetes, [C] Bacteroidia, [O] Bacteroidales, [F] Bacteroidaceae, [G] Bacteroides,,1962,8893,4257,5541,1580,4507,3893,7085,3371,6936,3973,8120,2884,6434,4738,6910,3517,9154,2483,8134,4538,5162,2566,4787
[SK] Bacteria, [P] Bacteroidetes, [C] Bacteroidia, [O] Bacteroidales, [F] Bacteroidaceae, [G] Bacteroides, [S] Bacteroides fragilis,0,0,0,0,0,0,0,0,90,201,0,0,0,0,0,0,96,0,0,0,110,151,77,153
[SK] Bacteria, [P] Bacteroidetes, [C] Bacteroidia, [O] Bacteroidales, [F] Bacteroidaceae, [G] Bacteroides, [S] Bacteroides salyersiae,0,0,0,0,71,0,0,0,0,0,0,0,0,0,0,0,0,0,0,0,0,0,0,0
[SK] Bacteria, [P] Bacteroidetes, [C] Bacteroidia, [O] Bacteroidales, [F] Bacteroidaceae, [G] Bacteroides, [S] Bacteroides sp. 43_108,0,454,296,326,54,260,300,396,177,293,228,453,73,234,408,529,148,472,169,419,165,282,89,0
[SK] Bacteria, [P] Bacteroidetes, [C] Bacteroidia, [O] Bacteroidales, [F] Bacteroidaceae, [G] Bacteroides, [S] Bacteroides sp. CAG:927,0,0,0,0,0,0,0,0,89,0,0,0,0,0,0,0,0,0,0,0,0,0,0,0
[SK] Bacteria, [P] Bacteroidetes, [C] Bacteroidia, [O] Bacteroidales, [F] Barnesiellaceae,,,0,0,0,0,0,0,0,0,0,0,0,0,83,0,0,0,0,0,0,0,0,0,0,0
[SK] Bacteria, [P] Bacteroidetes, [C] Bacteroidia, [O] Bacteroidales, [F] Porphyromonadaceae,,,98,982,194,606,34,507,135,902,69,695,200,907,62,666,133,859,168,1196,139,934,117,699,77,388
[SK] Bacteria, [P] Bacteroidetes, [C] Bacteroidia, [O] Bacteroidales, [F] Porphyromonadaceae, [G] Porphyromonas,,0,248,0,0,58,0,98,0,108,207,0,0,106,178,133,0,0,0,0,225,118,0,79,196
[SK] Bacteria, [P] Bacteroidetes, [C] Bacteroidia, [O] Bacteroidales, [F] Prevotellaceae,,,2979,34444,9163,20553,3686,19996,9475,32158,6496,23170,5846,25787,5207,22100,10509,28879,7534,35364,6458,37119,9640,20080,4231,11063
[SK] Bacteria, [P] Bacteroidetes, [C] Bacteroidia, [O] Bacteroidales, [F] Prevotellaceae, [G] Alloprevotella,,0,0,0,0,0,0,0,0,0,0,0,0,0,0,0,0,0,0,0,0,0,0,68,0
[SK] Bacteria, [P] Bacteroidetes, [C] Bacteroidia, [O] Bacteroidales, [F] Prevotellaceae, [G] Paraprevotella,,0,285,228,223,0,178,163,224,120,222,174,306,127,249,239,260,183,348,116,342,173,162,90,0
[SK] Bacteria, [P] Bacteroidetes, [C] Bacteroidia, [O] Bacteroidales, [F] Prevotellaceae, [G] Prevotella,,13249,83366,39994,53169,11188,39141,38062,78005,39274,82825,22745,59528,24213,69985,40634,75705,30236,89839,21111,77439,48921,65305,27958,37250
[SK] Bacteria, [P] Bacteroidetes, [C] Bacteroidia, [O] Bacteroidales, [F] Prevotellaceae, [G] Prevotella, [S] Prevotella albensis,95,424,190,399,0,168,259,697,416,834,0,308,285,816,293,580,184,602,81,267,480,1114,1462,486
[SK] Bacteria, [P] Bacteroidetes, [C] Bacteroidia, [O] Bacteroidales, [F] Prevotellaceae, [G] Prevotella, [S] Prevotella baroniae,0,0,0,0,0,0,0,0,98,0,0,0,0,0,0,0,0,0,0,0,122,0,86,0
[SK] Bacteria, [P] Bacteroidetes, [C] Bacteroidia, [O] Bacteroidales, [F] Prevotellaceae, [G] Prevotella, [S] Prevotella bergensis,0,0,0,0,0,0,0,0,117,0,0,0,0,0,0,0,0,0,0,0,174,0,123,0
[SK] Bacteria, [P] Bacteroidetes, [C] Bacteroidia, [O] Bacteroidales, [F] Prevotellaceae, [G] Prevotella, [S] Prevotella brevis,528,3138,1603,1942,555,1663,1549,2670,1028,2127,976,2439,894,2075,1717,2494,1272,3004,925,3163,1644,1832,662,988
[SK] Bacteria, [P] Bacteroidetes, [C] Bacteroidia, [O] Bacteroidales, [F] Prevotellaceae, [G] Prevotella, [S] Prevotella bryantii,543,4005,992,2835,137,926,1464,5548,1421,3428,444,3542,774,2313,837,2523,583,3009,950,1166,1253,3330,801,749
[SK] Bacteria, [P] Bacteroidetes, [C] Bacteroidia, [O] Bacteroidales, [F] Prevotellaceae, [G] Prevotella, [S] Prevotella buccae,0,0,0,0,0,0,0,0,115,0,0,0,0,0,0,193,0,0,0,0,127,178,71,0
[SK] Bacteria, [P] Bacteroidetes, [C] Bacteroidia, [O] Bacteroidales, [F] Prevotellaceae, [G] Prevotella, [S] Prevotella copri,0,390,115,283,0,172,110,316,151,528,0,272,112,435,135,349,0,436,0,324,172,384,165,264
[SK] Bacteria, [P] Bacteroidetes, [C] Bacteroidia, [O] Bacteroidales, [F] Prevotellaceae, [G] Prevotella, [S] Prevotella dentalis,0,0,0,0,0,0,0,0,0,0,0,0,0,0,0,0,0,0,0,0,106,0,0,0
[SK] Bacteria, [P] Bacteroidetes, [C] Bacteroidia, [O] Bacteroidales, [F] Prevotellaceae, [G] Prevotella, [S] Prevotella disiens,0,0,0,0,0,0,0,0,83,0,0,0,81,0,0,0,0,0,0,0,116,0,0,277
[SK] Bacteria, [P] Bacteroidetes, [C] Bacteroidia, [O] Bacteroidales, [F] Prevotellaceae, [G] Prevotella, [S] Prevotella histicola,0,433,0,157,131,143,126,266,242,458,0,0,199,329,108,0,219,395,87,361,305,270,320,1557
[SK] Bacteria, [P] Bacteroidetes, [C] Bacteroidia, [O] Bacteroidales, [F] Prevotellaceae, [G] Prevotella, [S] Prevotella maculosa,0,0,0,0,0,0,0,0,0,0,0,0,0,0,0,0,0,0,0,0,0,155,68,0
[SK] Bacteria, [P] Bacteroidetes, [C] Bacteroidia, [O] Bacteroidales, [F] Prevotellaceae, [G] Prevotella, [S] Prevotella multisaccharivorax,486,1239,975,1749,0,0,739,1846,3216,5587,0,227,2012,5758,945,2561,1047,4162,213,398,4396,5097,3820,3517
[SK] Bacteria, [P] Bacteroidetes, [C] Bacteroidia, [O] Bacteroidales, [F] Prevotellaceae, [G] Prevotella, [S] Prevotella oralis,0,0,0,0,0,0,0,0,92,0,0,0,0,0,0,0,0,0,0,0,0,0,86,0
[SK] Bacteria, [P] Bacteroidetes, [C] Bacteroidia, [O] Bacteroidales, [F] Prevotellaceae, [G] Prevotella, [S] Prevotella oryzae,0,0,0,0,0,0,86,205,103,195,0,0,0,0,0,0,0,0,0,0,0,0,71,0
[SK] Bacteria, [P] Bacteroidetes, [C] Bacteroidia, [O] Bacteroidales, [F] Prevotellaceae, [G] Prevotella, [S] Prevotella paludivivens,0,0,0,0,0,0,0,0,175,224,0,0,74,186,0,0,0,0,0,0,177,222,125,0
[SK] Bacteria, [P] Bacteroidetes, [C] Bacteroidia, [O] Bacteroidales, [F] Prevotellaceae, [G] Prevotella, [S] Prevotella ruminicola,1595,10389,6773,6081,2259,5533,6604,8466,4023,6025,3538,7236,3439,6280,6791,8149,5116,9934,3955,11346,7271,5519,2572,3442
[SK] Bacteria, [P] Bacteroidetes, [C] Bacteroidia, [O] Bacteroidales, [F] Prevotellaceae, [G] Prevotella, [S] Prevotella sp. AGR2160,214,770,398,1066,0,0,434,1406,1501,3573,0,233,721,2673,390,1374,304,1750,127,286,1570,2761,1384,1406
[SK] Bacteria, [P] Bacteroidetes, [C] Bacteroidia, [O] Bacteroidales, [F] Prevotellaceae, [G] Prevotella, [S] Prevotella sp. BP1-145,0,280,97,183,0,152,109,239,0,0,0,0,0,0,109,199,0,260,81,303,115,177,0,0
[SK] Bacteria, [P] Bacteroidetes, [C] Bacteroidia, [O] Bacteroidales, [F] Prevotellaceae, [G] Prevotella, [S] Prevotella sp. BP1-148,0,605,213,344,89,317,242,518,160,394,141,438,136,354,246,466,186,562,159,633,290,354,94,175
[SK] Bacteria, [P] Bacteroidetes, [C] Bacteroidia, [O] Bacteroidales, [F] Prevotellaceae, [G] Prevotella, [S] Prevotella sp. CAG:1092,174,996,329,678,167,512,447,999,269,603,352,1043,320,615,469,701,579,1498,254,937,416,532,327,1613
[SK] Bacteria, [P] Bacteroidetes, [C] Bacteroidia, [O] Bacteroidales, [F] Prevotellaceae, [G] Prevotella, [S] Prevotella sp. CAG:1320,0,0,0,0,0,0,0,0,0,0,0,0,73,0,0,0,0,0,0,0,0,0,0,0
[SK] Bacteria, [P] Bacteroidetes, [C] Bacteroidia, [O] Bacteroidales, [F] Prevotellaceae, [G] Prevotella, [S] Prevotella sp. CAG:279,101,266,300,0,0,0,187,0,260,286,247,230,205,314,337,249,178,405,110,265,178,0,141,0
[SK] Bacteria, [P] Bacteroidetes, [C] Bacteroidia, [O] Bacteroidales, [F] Prevotellaceae, [G] Prevotella, [S] Prevotella sp. CAG:604,0,0,0,0,0,0,0,0,0,0,0,0,0,0,0,0,0,0,0,0,0,0,75,0
[SK] Bacteria, [P] Bacteroidetes, [C] Bacteroidia, [O] Bacteroidales, [F] Prevotellaceae, [G] Prevotella, [S] Prevotella sp. CAG:732,0,0,102,170,0,0,115,0,199,337,0,0,87,269,0,209,88,281,0,0,205,263,140,0
[SK] Bacteria, [P] Bacteroidetes, [C] Bacteroidia, [O] Bacteroidales, [F] Prevotellaceae, [G] Prevotella, [S] Prevotella sp. CAG:924,0,0,0,0,0,0,0,0,124,0,0,0,0,0,0,0,0,0,0,0,138,0,114,0
[SK] Bacteria, [P] Bacteroidetes, [C] Bacteroidia, [O] Bacteroidales, [F] Prevotellaceae, [G] Prevotella, [S] Prevotella sp. FD3004,181,604,663,300,266,387,621,448,335,313,381,433,264,301,707,493,536,568,451,686,613,292,228,180
[SK] Bacteria, [P] Bacteroidetes, [C] Bacteroidia, [O] Bacteroidales, [F] Prevotellaceae, [G] Prevotella, [S] Prevotella sp. MA2016,111,789,427,455,152,456,395,614,268,439,259,559,236,422,411,587,288,668,263,900,409,396,171,229
[SK] Bacteria, [P] Bacteroidetes, [C] Bacteroidia, [O] Bacteroidales, [F] Prevotellaceae, [G] Prevotella, [S] Prevotella sp. ne3005,198,1397,617,904,258,944,533,1204,328,799,354,1050,318,785,637,1183,456,1562,396,1802,577,765,183,487
[SK] Bacteria, [P] Bacteroidetes, [C] Bacteroidia, [O] Bacteroidales, [F] Prevotellaceae, [G] Prevotella, [S] Prevotella sp. P6B1,0,443,188,288,83,233,175,338,107,274,106,371,125,289,193,359,133,431,107,471,175,241,70,177
[SK] Bacteria, [P] Bacteroidetes, [C] Bacteroidia, [O] Bacteroidales, [F] Prevotellaceae, [G] Prevotella, [S] Prevotella sp. P6B4,0,546,225,357,87,362,197,478,149,386,124,432,128,315,246,458,164,577,153,650,265,351,102,206
[SK] Bacteria, [P] Bacteroidetes, [C] Bacteroidia, [O] Bacteroidales, [F] Prevotellaceae, [G] Prevotella, [S] Prevotella sp. RM4,0,266,106,219,0,147,93,246,0,0,0,0,0,0,120,236,0,279,87,309,0,165,0,0
[SK] Bacteria, [P] Bacteroidetes, [C] Bacteroidia, [O] Bacteroidales, [F] Prevotellaceae, [G] Prevotella, [S] Prevotella sp. tc2-28,163,1764,654,1076,280,1308,616,1656,419,1030,348,1409,365,1055,702,1409,438,1529,510,2005,666,1107,287,467
[SK] Bacteria, [P] Bacteroidetes, [C] Bacteroidia, [O] Bacteroidales, [F] Prevotellaceae, [G] Prevotella, [S] Prevotella sp. tf2-5,162,1692,714,1096,316,1202,765,1697,477,1265,400,1324,438,1387,786,1445,492,2074,465,2322,695,1031,334,495
[SK] Bacteria, [P] Bacteroidetes, [C] Bacteroidia, [O] Bacteroidales, [F] Prevotellaceae, [G] unknown, [S] Prevotellaceae bacterium HUN156,464,4757,2215,2807,901,2713,2836,5136,1725,2862,1270,3573,966,2740,2274,3442,1388,3774,2163,4213,2021,2963,782,871
[SK] Bacteria, [P] Bacteroidetes, [C] Bacteroidia, [O] Bacteroidales, [F] Rikenellaceae,,,11,54,19,36,16,34,14,47,12,38,30,57,17,30,23,29,16,41,7,63,24,22,17,29
[SK] Bacteria, [P] Bacteroidetes, [C] Bacteroidia, [O] Bacteroidales, [F] Rikenellaceae, [G] Alistipes,,441,910,718,685,327,611,634,810,405,754,920,1441,441,763,806,953,814,1220,310,1181,746,608,451,1108
[SK] Bacteria, [P] Bacteroidetes, [C] Bacteroidia, [O] Bacteroidales, [F] Rikenellaceae, [G] Alistipes, [S] Alistipes sp. CAG:435,101,0,162,0,48,0,124,0,99,0,207,0,97,0,168,0,174,0,0,0,192,0,93,150
[SK] Bacteria, [P] Bacteroidetes, [C] Bacteroidia, [O] Bacteroidales, [F] Rikenellaceae, [G] Alistipes, [S] Alistipes sp. CAG:514,0,0,0,0,0,0,0,0,0,0,118,0,0,0,111,0,96,0,0,0,109,0,0,0
[SK] Bacteria, [P] Bacteroidetes, [C] Bacteroidia, [O] Bacteroidales, [F] Tannerellaceae,,,104,0,71,0,23,0,67,0,65,0,66,0,44,0,67,0,54,0,35,0,72,0,41,0
[SK] Bacteria, [P] Bacteroidetes, [C] Bacteroidia, [O] Bacteroidales, [F] Tannerellaceae, [G] Parabacteroides,,0,524,138,316,86,263,134,405,128,461,165,485,152,488,205,417,153,638,142,551,203,346,123,304
[SK] Bacteria, [P] Bacteroidetes, [C] Bacteroidia, [O] Bacteroidales, [F] unknown, [G] unknown, [S] Bacteroidales bacterium WCE2004,349,605,536,347,281,373,433,388,195,283,863,755,163,230,567,476,497,518,198,747,535,273,150,343
[SK] Bacteria, [P] Bacteroidetes, [C] Bacteroidia, [O] Bacteroidales, [F] unknown, [G] unknown, [S] Bacteroidales bacterium WCE2008,170,392,289,245,151,261,273,228,130,0,577,554,104,0,262,259,233,307,118,443,270,0,132,223
[SK] Bacteria, [P] Bacteroidetes, [C] Cytophagia, [O] Cytophagales,,,,0,0,0,0,49,150,89,0,0,0,0,231,0,0,0,0,97,268,72,236,0,0,0,0
[SK] Bacteria, [P] Bacteroidetes, [C] Flavobacteriia,,,,,0,27,9,22,1,11,6,20,6,20,10,21,6,27,5,20,11,29,3,22,10,19,9,22
[SK] Bacteria, [P] Bacteroidetes, [C] Flavobacteriia, [O] Flavobacteriales,,,,6,50,32,27,9,25,19,28,15,21,20,54,5,29,31,42,16,51,14,51,18,26,17,27
[SK] Bacteria, [P] Bacteroidetes, [C] Flavobacteriia, [O] Flavobacteriales, [F] Flavobacteriaceae,,,213,711,205,455,132,439,215,536,188,487,252,575,224,514,280,468,246,842,175,677,308,478,213,432
[SK] Bacteria, [P] Bacteroidetes, [C] Flavobacteriia, [O] Flavobacteriales, [F] Flavobacteriaceae, [G] Flavobacterium,,0,0,0,0,0,0,0,0,0,0,0,0,0,0,0,0,0,0,0,0,0,0,0,187
[SK] Bacteria, [P] Candidatus Saccharibacteria,,,,,,426,620,334,437,226,213,184,335,383,488,273,513,361,476,338,427,583,683,171,584,472,257,503,1039
[SK] Bacteria, [P] Chlamydiae,,,,,,1,0,0,0,0,0,0,0,0,0,0,0,1,2,1,0,1,0,1,0,0,0,0,2
[SK] Bacteria, [P] Chlamydiae, [C] Chlamydiia,,,,,2,3,0,1,1,0,0,2,0,2,1,6,0,1,0,1,0,6,2,1,0,4,0,1
[SK] Bacteria, [P] Chlamydiae, [C] Chlamydiia, [O] Chlamydiales, [F] Chlamydiaceae,,,0,0,0,1,0,0,0,2,1,3,0,1,0,1,0,2,0,0,0,1,0,0,0,0
[SK] Bacteria, [P] Chlamydiae, [C] Chlamydiia, [O] Chlamydiales, [F] Chlamydiaceae, [G] Chlamydia,,1,16,1,9,3,6,0,2,0,1,1,2,1,5,0,4,0,3,1,0,1,0,0,1
[SK] Bacteria, [P] Chlamydiae, [C] Chlamydiia, [O] Chlamydiales, [F] Chlamydiaceae, [G] Chlamydia, [S] Chlamydia trachomatis,499,1795,258,903,652,707,451,1547,482,1683,407,1271,771,1939,461,856,936,2653,312,1792,1229,1493,627,5181
[SK] Bacteria, [P] Chloroflexi,,,,,,0,0,0,0,27,0,0,0,0,0,0,0,0,0,0,0,0,0,0,0,0,0,0,0
[SK] Bacteria, [P] Chloroflexi, [C] Anaerolineae,,,,,0,0,0,0,1,0,0,0,0,0,0,0,0,0,0,0,0,0,0,0,0,0,0,0
[SK] Bacteria, [P] Chloroflexi, [C] Anaerolineae, [O] Anaerolineales, [F] Anaerolineaceae,,,0,0,0,0,52,0,0,0,0,0,0,0,0,0,0,0,0,0,0,0,0,0,0,0
[SK] Bacteria, [P] Fibrobacteres,,,,,,0,79,4,37,1,18,8,102,3,10,2,70,2,17,12,92,6,35,4,11,4,53,2,3
[SK] Bacteria, [P] Fibrobacteres, [C] Fibrobacteria, [O] Fibrobacterales, [F] Fibrobacteraceae, [G] Fibrobacter,,233,3895,539,2578,243,1269,1073,4163,429,996,819,5131,302,895,1488,5474,511,2009,763,763,600,3308,155,166
[SK] Bacteria, [P] Fibrobacteres, [C] Fibrobacteria, [O] Fibrobacterales, [F] Fibrobacteraceae, [G] Fibrobacter, [S] Fibrobacter sp. UWOV1,0,0,0,152,0,0,0,0,0,0,0,0,0,0,158,274,0,0,0,0,0,151,0,0
[SK] Bacteria, [P] Fibrobacteres, [C] Fibrobacteria, [O] Fibrobacterales, [F] Fibrobacteraceae, [G] Fibrobacter, [S] Fibrobacter succinogenes,0,0,0,0,0,0,103,0,0,0,0,0,0,0,0,0,0,0,0,0,0,166,0,0
[SK] Bacteria, [P] Firmicutes,,,,,,13678,25027,15837,15612,9246,12381,11367,16732,9710,23330,22701,26654,12376,21736,14326,20433,13766,42895,4013,31104,11375,13218,6572,31065
[SK] Bacteria, [P] Firmicutes, [C] Bacilli,,,,,1084,274,64,163,129,103,79,113,64,100,106,186,98,95,96,96,104,196,43,165,105,74,59,201
[SK] Bacteria, [P] Firmicutes, [C] Bacilli, [O] Bacillales,,,,27329,584,208,189,162,156,191,345,149,367,162,280,140,351,153,323,148,363,143,331,247,276,176,405
[SK] Bacteria, [P] Firmicutes, [C] Bacilli, [O] Bacillales, [F] Bacillaceae,,,4441,153,45,75,208,83,54,91,108,218,81,144,70,78,52,259,65,160,58,137,168,65,52,209
[SK] Bacteria, [P] Firmicutes, [C] Bacilli, [O] Bacillales, [F] Bacillaceae, [G] Bacillus,,3341,567,132,394,122,299,89,264,0,0,166,364,136,189,116,0,105,309,75,275,0,210,141,344
[SK] Bacteria, [P] Firmicutes, [C] Bacilli, [O] Bacillales, [F] Bacillaceae, [G] Bacillus, [S] Bacillus cereus,91,0,0,0,0,0,0,0,0,0,0,0,0,0,0,0,0,0,0,0,0,0,0,0
[SK] Bacteria, [P] Firmicutes, [C] Bacilli, [O] Bacillales, [F] Bacillaceae, [G] Bacillus, [S] Bacillus lentus,229,0,0,0,0,0,0,0,0,0,0,0,0,0,0,0,0,0,0,0,0,0,0,0
[SK] Bacteria, [P] Firmicutes, [C] Bacilli, [O] Bacillales, [F] Bacillaceae, [G] Bacillus, [S] Bacillus obstructivus,0,382,0,285,0,0,0,0,0,0,0,0,0,0,0,0,0,0,0,0,0,0,0,0
[SK] Bacteria, [P] Firmicutes, [C] Bacilli, [O] Bacillales, [F] Bacillaceae, [G] Bacillus, [S] Bacillus pseudalcaliphilus,85,0,0,0,0,0,0,0,0,0,0,0,0,0,0,0,0,0,0,0,0,0,0,0
[SK] Bacteria, [P] Firmicutes, [C] Bacilli, [O] Bacillales, [F] Bacillaceae, [G] Bacillus, [S] Bacillus sp. OxB-1,193,0,0,0,0,0,0,0,0,0,0,0,0,0,0,0,0,0,0,0,0,0,0,0
[SK] Bacteria, [P] Firmicutes, [C] Bacilli, [O] Bacillales, [F] Bacillaceae, [G] Bacillus, [S] Bacillus sp. VT-16-64,0,531,0,412,0,0,0,0,0,0,0,0,0,0,0,0,0,0,0,0,0,0,0,0
[SK] Bacteria, [P] Firmicutes, [C] Bacilli, [O] Bacillales, [F] Bacillaceae, [G] Lysinibacillus,,229,0,0,0,0,0,0,0,0,0,0,0,0,0,0,0,0,0,0,0,0,0,0,0
[SK] Bacteria, [P] Firmicutes, [C] Bacilli, [O] Bacillales, [F] Bacillaceae, [G] Lysinibacillus, [S] Lysinibacillus sphaericus,2561,0,0,0,0,0,0,0,0,0,0,0,0,0,0,0,0,0,0,0,0,0,0,0
[SK] Bacteria, [P] Firmicutes, [C] Bacilli, [O] Bacillales, [F] Bacillaceae, [G] Oceanobacillus,,224,0,0,0,63,0,0,0,0,0,0,0,0,0,0,0,0,0,0,0,0,0,0,0
[SK] Bacteria, [P] Firmicutes, [C] Bacilli, [O] Bacillales, [F] Bacillaceae, [G] Virgibacillus,,297,0,0,0,0,0,0,0,0,0,0,0,0,0,0,0,0,0,0,0,0,0,0,0
[SK] Bacteria, [P] Firmicutes, [C] Bacilli, [O] Bacillales, [F] Paenibacillaceae,,,40,0,0,154,16,141,0,0,0,0,29,219,18,0,15,0,10,304,0,78,0,0,0,62
[SK] Bacteria, [P] Firmicutes, [C] Bacilli, [O] Bacillales, [F] Paenibacillaceae, [G] Paenibacillus,,214,0,0,0,90,0,0,0,0,0,143,0,94,0,107,0,94,0,0,223,0,0,0,188
[SK] Bacteria, [P] Firmicutes, [C] Bacilli, [O] Bacillales, [F] Planococcaceae,,,1484,0,0,0,0,0,0,0,0,0,0,0,0,0,0,0,0,0,0,0,0,0,0,0
[SK] Bacteria, [P] Firmicutes, [C] Bacilli, [O] Bacillales, [F] Planococcaceae, [G] Paenisporosarcina,,154,0,0,0,0,0,0,0,0,0,0,0,0,0,0,0,0,0,0,0,0,0,0,0
[SK] Bacteria, [P] Firmicutes, [C] Bacilli, [O] Bacillales, [F] Planococcaceae, [G] Planococcus,,169,0,0,0,0,0,0,0,0,0,0,0,0,0,0,0,0,0,0,0,0,0,0,0
[SK] Bacteria, [P] Firmicutes, [C] Bacilli, [O] Bacillales, [F] Planococcaceae, [G] Sporosarcina,,2314,0,0,0,0,0,0,0,0,0,0,0,0,0,0,0,0,0,0,0,0,0,0,0
[SK] Bacteria, [P] Firmicutes, [C] Bacilli, [O] Bacillales, [F] Planococcaceae, [G] Sporosarcina, [S] Sporosarcina koreensis,413,0,0,0,0,0,0,0,0,0,0,0,0,0,0,0,0,0,0,0,0,0,0,0
[SK] Bacteria, [P] Firmicutes, [C] Bacilli, [O] Bacillales, [F] Planococcaceae, [G] Sporosarcina, [S] Sporosarcina newyorkensis,144,0,0,0,0,0,0,0,0,0,0,0,0,0,0,0,0,0,0,0,0,0,0,0
[SK] Bacteria, [P] Firmicutes, [C] Bacilli, [O] Bacillales, [F] Planococcaceae, [G] Sporosarcina, [S] Sporosarcina psychrophila,3549,0,0,0,0,0,0,0,0,0,0,0,0,0,0,0,0,0,0,0,0,0,0,0
[SK] Bacteria, [P] Firmicutes, [C] Bacilli, [O] Bacillales, [F] Planococcaceae, [G] Sporosarcina, [S] Sporosarcina sp. HYO08,204,0,0,0,0,0,0,0,0,0,0,0,0,0,0,0,0,0,0,0,0,0,0,0
[SK] Bacteria, [P] Firmicutes, [C] Bacilli, [O] Bacillales, [F] Planococcaceae, [G] Sporosarcina, [S] Sporosarcina ureae,167,0,0,0,0,0,0,0,0,0,0,0,0,0,0,0,0,0,0,0,0,0,0,0
[SK] Bacteria, [P] Firmicutes, [C] Bacilli, [O] Bacillales, [F] Planococcaceae, [G] Viridibacillus,,85,0,0,0,0,0,0,0,0,0,0,0,0,0,0,0,0,0,0,0,0,0,0,0
[SK] Bacteria, [P] Firmicutes, [C] Bacilli, [O] Bacillales, [F] Staphylococcaceae,,,87,0,0,0,0,0,0,0,0,0,0,0,0,0,0,0,0,0,0,0,0,0,0,0
[SK] Bacteria, [P] Firmicutes, [C] Bacilli, [O] Lactobacillales,,,,99,181,145,117,59,75,99,441,123,376,159,310,119,255,159,336,120,431,143,492,162,339,116,279
[SK] Bacteria, [P] Firmicutes, [C] Bacilli, [O] Lactobacillales, [F] Carnobacteriaceae,,,35,0,0,0,12,0,7,0,0,0,20,0,0,0,22,0,0,0,0,0,0,0,0,0
[SK] Bacteria, [P] Firmicutes, [C] Bacilli, [O] Lactobacillales, [F] Carnobacteriaceae, [G] Carnobacterium,,299,0,0,0,89,0,314,0,0,0,495,0,0,0,613,0,0,0,0,0,0,0,0,0
[SK] Bacteria, [P] Firmicutes, [C] Bacilli, [O] Lactobacillales, [F] Carnobacteriaceae, [G] Carnobacterium, [S] Carnobacterium sp. CP1,0,0,0,0,287,0,0,0,0,0,0,0,0,0,0,0,0,0,0,0,0,0,0,0
[SK] Bacteria, [P] Firmicutes, [C] Bacilli, [O] Lactobacillales, [F] Enterococcaceae,,,3,7,0,5,4,2,0,0,0,0,0,0,2,0,0,0,2,0,0,0,0,0,0,7
[SK] Bacteria, [P] Firmicutes, [C] Bacilli, [O] Lactobacillales, [F] Enterococcaceae, [G] Enterococcus,,125,215,0,138,53,160,0,0,0,0,0,0,76,0,0,0,86,0,0,0,0,0,0,118
[SK] Bacteria, [P] Firmicutes, [C] Bacilli, [O] Lactobacillales, [F] Enterococcaceae, [G] Enterococcus, [S] Enterococcus faecalis,0,500,0,384,0,0,0,0,0,0,0,0,0,0,0,0,0,0,0,0,0,0,0,0
[SK] Bacteria, [P] Firmicutes, [C] Bacilli, [O] Lactobacillales, [F] Enterococcaceae, [G] Enterococcus, [S] Enterococcus faecium,0,0,0,0,0,0,0,0,0,0,0,0,0,0,0,0,0,0,0,0,0,0,0,158
[SK] Bacteria, [P] Firmicutes, [C] Bacilli, [O] Lactobacillales, [F] Lactobacillaceae,,,6,104,0,151,49,127,96,69,93,50,99,132,4,159,51,94,4,10,39,164,84,132,61,11
[SK] Bacteria, [P] Firmicutes, [C] Bacilli, [O] Lactobacillales, [F] Lactobacillaceae, [G] Lactobacillus,,85,247,0,0,57,144,0,192,0,181,0,234,130,204,108,113,93,269,76,0,0,0,91,315
[SK] Bacteria, [P] Firmicutes, [C] Bacilli, [O] Lactobacillales, [F] Lactobacillaceae, [G] Lactobacillus, [S] Lactobacillus brevis,0,0,0,0,0,0,0,0,0,0,0,0,0,0,0,204,0,0,0,0,0,0,0,0
[SK] Bacteria, [P] Firmicutes, [C] Bacilli, [O] Lactobacillales, [F] Lactobacillaceae, [G] Sharpea, [S] Sharpea azabuensis,135,0,0,0,0,0,0,0,0,0,209,0,88,0,0,0,206,385,0,1178,176,229,0,753
[SK] Bacteria, [P] Firmicutes, [C] Bacilli, [O] Lactobacillales, [F] Streptococcaceae,,,21,36,10,27,19,15,7,0,7,0,15,232,17,182,9,0,13,38,0,0,11,0,13,58
[SK] Bacteria, [P] Firmicutes, [C] Bacilli, [O] Lactobacillales, [F] Streptococcaceae, [G] Streptococcus,,150,299,117,176,86,208,96,0,174,0,133,0,144,0,131,0,178,318,0,0,113,0,112,305
[SK] Bacteria, [P] Firmicutes, [C] Bacilli, [O] Lactobacillales, [F] Streptococcaceae, [G] Streptococcus, [S] Streptococcus pneumoniae,0,738,0,527,0,0,0,0,0,0,0,0,0,0,0,0,0,0,0,0,0,0,0,0
[SK] Bacteria, [P] Firmicutes, [C] Clostridia,,,,,243,638,234,345,224,336,193,352,111,434,412,729,205,423,253,424,248,812,108,728,192,282,121,637
[SK] Bacteria, [P] Firmicutes, [C] Clostridia, [O] Clostridiales,,,,13756,24529,14357,14563,11910,13072,11096,15102,9420,19357,19763,25609,11392,21005,16852,22400,14597,35085,4811,24705,11891,12735,6994,23153
[SK] Bacteria, [P] Firmicutes, [C] Clostridia, [O] Clostridiales, [F] Clostridiaceae,,,312,460,386,251,254,236,276,297,270,297,466,414,287,250,369,199,346,403,136,309,369,191,175,341
[SK] Bacteria, [P] Firmicutes, [C] Clostridia, [O] Clostridiales, [F] Clostridiaceae, [G] Clostridium,,3424,6918,3262,5881,1576,2813,2454,4777,2634,4939,4349,10183,4025,5714,3066,3741,3146,7607,1753,4878,2708,3651,4880,10081
[SK] Bacteria, [P] Firmicutes, [C] Clostridia, [O] Clostridiales, [F] Clostridiaceae, [G] Clostridium, [S] Clostridium sp. 26_22,0,0,0,0,0,0,0,0,0,0,0,0,0,0,0,0,0,0,0,0,0,0,76,0
[SK] Bacteria, [P] Firmicutes, [C] Clostridia, [O] Clostridiales, [F] Clostridiaceae, [G] Clostridium, [S] Clostridium sp. CAG:1024,0,0,0,0,57,0,0,0,0,0,0,0,0,0,0,0,0,0,0,0,0,0,0,0
[SK] Bacteria, [P] Firmicutes, [C] Clostridia, [O] Clostridiales, [F] Clostridiaceae, [G] Clostridium, [S] Clostridium sp. CAG:352,0,0,0,0,0,0,0,0,0,0,0,225,0,0,0,0,0,0,0,0,0,0,0,0
[SK] Bacteria, [P] Firmicutes, [C] Clostridia, [O] Clostridiales, [F] Clostridiaceae, [G] Clostridium, [S] Clostridium sp. CAG:411,0,0,0,0,0,0,0,0,0,0,0,242,0,0,0,0,0,0,0,0,0,0,0,0
[SK] Bacteria, [P] Firmicutes, [C] Clostridia, [O] Clostridiales, [F] Clostridiaceae, [G] Clostridium, [S] Clostridium sp. CAG:417,93,0,0,0,0,0,0,0,0,0,0,0,177,306,0,0,0,0,0,0,0,0,120,246
[SK] Bacteria, [P] Firmicutes, [C] Clostridia, [O] Clostridiales, [F] Clostridiaceae, [G] Clostridium, [S] Clostridium sp. CAG:433,203,302,115,254,55,0,0,0,146,0,0,267,182,255,249,246,274,552,0,0,293,200,117,291
[SK] Bacteria, [P] Firmicutes, [C] Clostridia, [O] Clostridiales, [F] Clostridiaceae, [G] Clostridium, [S] Clostridium sp. CAG:62,0,0,0,0,0,0,0,0,0,0,0,0,0,0,0,0,0,0,0,0,0,0,103,0
[SK] Bacteria, [P] Firmicutes, [C] Clostridia, [O] Clostridiales, [F] Clostridiaceae, [G] Clostridium, [S] Clostridium sp. CAG:793,292,0,0,190,69,0,102,0,239,344,0,238,724,734,135,0,219,417,0,0,188,280,1056,1602
[SK] Bacteria, [P] Firmicutes, [C] Clostridia, [O] Clostridiales, [F] Clostridiaceae, [G] Clostridium, [S] uncultured Clostridium sp.,236,415,204,226,226,154,189,268,204,303,287,315,319,290,236,234,306,561,101,351,217,170,139,608
[SK] Bacteria, [P] Firmicutes, [C] Clostridia, [O] Clostridiales, [F] Clostridiaceae, [G] Sarcina, [S] Sarcina sp. DSM 11001,161,0,0,0,199,0,0,0,0,0,157,0,0,0,154,236,138,395,0,232,0,0,0,197
[SK] Bacteria, [P] Firmicutes, [C] Clostridia, [O] Clostridiales, [F] Clostridiales Family XIII. Incertae Sedis,,,218,0,0,0,160,0,120,0,94,0,255,0,116,0,237,0,243,456,0,264,134,0,71,236
[SK] Bacteria, [P] Firmicutes, [C] Clostridia, [O] Clostridiales, [F] Clostridiales Family XIII. Incertae Sedis, [G] Mobilibacterium, [S] Mobilibacterium timonense,0,0,0,0,0,0,0,0,0,0,0,0,0,0,0,0,0,0,0,0,0,0,0,252
[SK] Bacteria, [P] Firmicutes, [C] Clostridia, [O] Clostridiales, [F] Eubacteriaceae,,,47,87,40,46,51,47,33,69,39,64,102,84,60,59,67,52,58,131,13,93,39,41,40,159
[SK] Bacteria, [P] Firmicutes, [C] Clostridia, [O] Clostridiales, [F] Eubacteriaceae, [G] Eubacterium,,757,1585,764,1131,389,709,878,1242,550,993,1109,1927,587,707,1047,802,833,1345,430,1360,646,686,449,855
[SK] Bacteria, [P] Firmicutes, [C] Clostridia, [O] Clostridiales, [F] Eubacteriaceae, [G] Eubacterium, [S] [Eubacterium] cellulosolvens,254,0,123,0,82,0,0,0,197,313,128,0,365,323,182,225,125,512,0,0,133,164,130,382
[SK] Bacteria, [P] Firmicutes, [C] Clostridia, [O] Clostridiales, [F] Eubacteriaceae, [G] Eubacterium, [S] Eubacterium ruminantium,119,629,0,184,69,187,0,0,0,0,97,314,89,270,114,230,0,335,0,0,0,0,0,181
[SK] Bacteria, [P] Firmicutes, [C] Clostridia, [O] Clostridiales, [F] Eubacteriaceae, [G] Eubacterium, [S] Eubacterium sp. AB3007,0,0,0,0,64,0,0,0,0,0,0,0,0,0,0,0,0,291,0,0,0,0,0,204
[SK] Bacteria, [P] Firmicutes, [C] Clostridia, [O] Clostridiales, [F] Eubacteriaceae, [G] Eubacterium, [S] Eubacterium sp. CAG:202,0,0,98,0,126,0,0,0,0,0,180,0,0,0,0,0,0,0,0,0,0,0,0,0
[SK] Bacteria, [P] Firmicutes, [C] Clostridia, [O] Clostridiales, [F] Eubacteriaceae, [G] Eubacterium, [S] Eubacterium sp. CAG:581,380,660,387,418,0,0,0,0,0,0,122,0,0,0,0,0,0,0,0,643,0,0,0,0
[SK] Bacteria, [P] Firmicutes, [C] Clostridia, [O] Clostridiales, [F] Eubacteriaceae, [G] Eubacterium, [S] Eubacterium sp. CAG:603,0,0,0,0,0,0,113,0,0,0,0,497,0,0,0,0,0,0,0,0,0,0,0,0
[SK] Bacteria, [P] Firmicutes, [C] Clostridia, [O] Clostridiales, [F] Eubacteriaceae, [G] Eubacterium, [S] Eubacterium uniforme,0,0,0,0,0,0,0,239,0,0,0,254,0,0,0,438,0,0,0,0,0,266,0,0
[SK] Bacteria, [P] Firmicutes, [C] Clostridia, [O] Clostridiales, [F] Eubacteriaceae, [G] Eubacterium, [S] uncultured Eubacterium sp.,0,0,0,0,65,0,0,0,0,0,0,0,0,0,0,0,0,0,0,0,0,0,0,0
[SK] Bacteria, [P] Firmicutes, [C] Clostridia, [O] Clostridiales, [F] Lachnospiraceae,,,5869,8780,6378,5856,3741,4279,4837,6729,5785,7495,6846,8818,6252,9235,6903,7641,5616,11545,2481,6237,5191,5676,4502,6704
[SK] Bacteria, [P] Firmicutes, [C] Clostridia, [O] Clostridiales, [F] Lachnospiraceae, [G] Blautia,,334,432,233,228,280,187,209,247,254,338,408,333,387,311,327,255,329,613,126,465,273,203,169,541
[SK] Bacteria, [P] Firmicutes, [C] Clostridia, [O] Clostridiales, [F] Lachnospiraceae, [G] Butyrivibrio,,1062,2234,1466,1180,770,1661,1025,1416,910,1618,1820,2314,843,1446,1226,1777,883,3017,518,1876,784,1110,601,1708
[SK] Bacteria, [P] Firmicutes, [C] Clostridia, [O] Clostridiales, [F] Lachnospiraceae, [G] Butyrivibrio, [S] Butyrivibrio fibrisolvens,202,0,224,201,82,0,146,207,121,235,308,305,134,0,179,228,119,569,0,261,117,222,0,330
[SK] Bacteria, [P] Firmicutes, [C] Clostridia, [O] Clostridiales, [F] Lachnospiraceae, [G] Butyrivibrio, [S] Butyrivibrio sp. AE2032,383,453,214,276,267,452,223,276,118,211,405,528,151,221,956,989,441,748,91,502,350,251,105,293
[SK] Bacteria, [P] Firmicutes, [C] Clostridia, [O] Clostridiales, [F] Lachnospiraceae, [G] Coprococcus,,87,0,0,0,64,0,0,0,0,0,127,0,83,0,129,0,110,0,0,0,0,0,0,158
[SK] Bacteria, [P] Firmicutes, [C] Clostridia, [O] Clostridiales, [F] Lachnospiraceae, [G] Dorea,,0,0,0,0,56,0,0,0,0,0,101,0,74,0,0,0,0,0,0,0,0,0,0,0
[SK] Bacteria, [P] Firmicutes, [C] Clostridia, [O] Clostridiales, [F] Lachnospiraceae, [G] Lachnobacterium, [S] Lachnobacterium bovis,0,0,0,229,0,0,0,0,0,0,0,332,0,0,0,0,0,0,0,0,0,0,0,0
[SK] Bacteria, [P] Firmicutes, [C] Clostridia, [O] Clostridiales, [F] Lachnospiraceae, [G] Lachnoclostridium,,270,471,233,286,207,217,200,244,213,295,363,348,283,324,271,316,271,656,104,417,221,196,134,477
[SK] Bacteria, [P] Firmicutes, [C] Clostridia, [O] Clostridiales, [F] Lachnospiraceae, [G] Lachnospira,,0,0,0,0,0,0,0,0,0,0,0,0,75,0,0,0,0,0,0,0,0,0,23,103
[SK] Bacteria, [P] Firmicutes, [C] Clostridia, [O] Clostridiales, [F] Lachnospiraceae, [G] Lachnospira, [S] Lachnospira multipara,0,0,0,0,0,0,0,0,0,0,0,0,0,0,0,0,0,0,0,0,0,0,75,212
[SK] Bacteria, [P] Firmicutes, [C] Clostridia, [O] Clostridiales, [F] Lachnospiraceae, [G] Marvinbryantia, [S] Marvinbryantia formatexigens,0,0,0,0,0,0,0,0,0,0,0,0,73,0,0,0,0,0,0,0,0,0,0,0
[SK] Bacteria, [P] Firmicutes, [C] Clostridia, [O] Clostridiales, [F] Lachnospiraceae, [G] Oribacterium,,289,361,267,277,209,222,236,341,323,515,370,329,210,432,276,345,150,835,86,451,205,296,134,324
[SK] Bacteria, [P] Firmicutes, [C] Clostridia, [O] Clostridiales, [F] Lachnospiraceae, [G] Oribacterium, [S] Oribacterium sp. oral taxon 078,0,0,0,0,0,0,0,0,0,0,0,0,125,0,0,0,96,0,0,0,0,0,0,283
[SK] Bacteria, [P] Firmicutes, [C] Clostridia, [O] Clostridiales, [F] Lachnospiraceae, [G] Pseudobutyrivibrio,,86,371,98,281,0,136,102,354,107,230,142,542,113,223,0,0,0,315,69,0,0,187,131,149
[SK] Bacteria, [P] Firmicutes, [C] Clostridia, [O] Clostridiales, [F] Lachnospiraceae, [G] Roseburia,,163,284,151,166,112,0,112,0,158,241,219,309,255,325,148,0,143,326,65,0,121,163,193,280
[SK] Bacteria, [P] Firmicutes, [C] Clostridia, [O] Clostridiales, [F] Lachnospiraceae, [G] Shuttleworthia,,0,0,0,0,0,0,0,0,0,0,0,0,0,0,0,0,0,0,0,0,0,0,0,189
[SK] Bacteria, [P] Firmicutes, [C] Clostridia, [O] Clostridiales, [F] Lachnospiraceae, [G] Stomatobaculum, [S] Stomatobaculum longum,0,0,0,0,0,0,0,0,0,0,99,0,0,0,0,0,0,0,0,0,0,0,0,0
[SK] Bacteria, [P] Firmicutes, [C] Clostridia, [O] Clostridiales, [F] Lachnospiraceae, [G] unknown, [S] Lachnospiraceae bacterium AB2028,0,0,0,0,0,0,0,0,0,0,0,0,0,0,0,274,0,0,0,0,0,182,0,0
[SK] Bacteria, [P] Firmicutes, [C] Clostridia, [O] Clostridiales, [F] Lachnospiraceae, [G] unknown, [S] Lachnospiraceae bacterium AC2029,255,0,0,0,242,235,0,246,0,0,112,270,0,0,128,236,0,0,76,0,0,171,85,0
[SK] Bacteria, [P] Firmicutes, [C] Clostridia, [O] Clostridiales, [F] Lachnospiraceae, [G] unknown, [S] Lachnospiraceae bacterium AC2031,362,809,252,514,0,444,164,509,290,939,120,813,488,2169,563,1769,111,1298,144,0,0,803,388,477
[SK] Bacteria, [P] Firmicutes, [C] Clostridia, [O] Clostridiales, [F] Lachnospiraceae, [G] unknown, [S] Lachnospiraceae bacterium AC3007,0,0,117,0,50,236,0,0,93,0,0,0,0,0,121,231,0,415,66,251,0,0,0,158
[SK] Bacteria, [P] Firmicutes, [C] Clostridia, [O] Clostridiales, [F] Lachnospiraceae, [G] unknown, [S] Lachnospiraceae bacterium AD3010,0,0,105,0,0,153,0,0,0,0,110,0,0,0,0,0,0,0,0,0,0,0,0,0
[SK] Bacteria, [P] Firmicutes, [C] Clostridia, [O] Clostridiales, [F] Lachnospiraceae, [G] unknown, [S] Lachnospiraceae bacterium FE2018,239,0,183,0,183,141,137,0,115,215,392,0,154,175,269,231,210,583,0,374,151,0,0,396
[SK] Bacteria, [P] Firmicutes, [C] Clostridia, [O] Clostridiales, [F] Lachnospiraceae, [G] unknown, [S] Lachnospiraceae bacterium NC2004,0,288,0,0,0,0,0,0,0,0,0,326,0,0,0,203,0,0,0,0,0,0,0,0
[SK] Bacteria, [P] Firmicutes, [C] Clostridia, [O] Clostridiales, [F] Lachnospiraceae, [G] unknown, [S] Lachnospiraceae bacterium NK4A179,0,379,0,230,0,0,0,300,81,252,0,533,76,357,0,548,0,0,0,0,0,385,103,0
[SK] Bacteria, [P] Firmicutes, [C] Clostridia, [O] Clostridiales, [F] Lachnospiraceae, [G] unknown, [S] Lachnospiraceae bacterium P6B14,0,278,0,250,0,0,121,251,0,0,0,333,0,177,176,231,0,0,0,0,0,163,71,0
[SK] Bacteria, [P] Firmicutes, [C] Clostridia, [O] Clostridiales, [F] Lachnospiraceae, [G] unknown, [S] Lachnospiraceae bacterium YSB2008,175,0,0,0,0,0,0,0,0,219,0,0,95,231,139,229,0,287,0,0,0,0,0,246
[SK] Bacteria, [P] Firmicutes, [C] Clostridia, [O] Clostridiales, [F] Oscillospiraceae,,,14,0,21,0,8,0,16,0,8,0,38,0,5,0,23,0,17,265,0,227,7,0,0,0
[SK] Bacteria, [P] Firmicutes, [C] Clostridia, [O] Clostridiales, [F] Oscillospiraceae, [G] Oscillibacter,,144,0,265,0,124,0,172,0,90,0,438,0,83,0,171,0,168,0,0,0,114,0,0,0
[SK] Bacteria, [P] Firmicutes, [C] Clostridia, [O] Clostridiales, [F] Peptococcaceae,,,0,0,0,0,0,0,0,0,0,0,99,0,0,0,0,0,0,0,0,0,0,0,0,0
[SK] Bacteria, [P] Firmicutes, [C] Clostridia, [O] Clostridiales, [F] Peptostreptococcaceae,,,0,0,0,0,54,0,0,0,0,0,0,0,95,0,0,0,0,0,0,0,0,0,0,150
[SK] Bacteria, [P] Firmicutes, [C] Clostridia, [O] Clostridiales, [F] Ruminococcaceae,,,1364,1992,1688,1199,1426,986,1435,1237,1004,1364,2240,1999,941,1295,1986,1511,1416,2136,575,1409,1126,825,599,1136
[SK] Bacteria, [P] Firmicutes, [C] Clostridia, [O] Clostridiales, [F] Ruminococcaceae, [G] Anaerotruncus,,0,0,0,0,0,0,0,0,0,0,98,0,0,0,0,0,0,0,0,0,0,0,0,0
[SK] Bacteria, [P] Firmicutes, [C] Clostridia, [O] Clostridiales, [F] Ruminococcaceae, [G] Faecalibacterium,,294,0,186,0,253,186,146,0,0,0,407,0,110,0,333,215,244,399,68,315,170,0,0,210
[SK] Bacteria, [P] Firmicutes, [C] Clostridia, [O] Clostridiales, [F] Ruminococcaceae, [G] Faecalibacterium, [S] Faecalibacterium sp. CAG:74_58_120,0,0,0,0,56,0,0,0,0,0,0,0,0,0,0,0,0,0,0,0,0,0,0,0
[SK] Bacteria, [P] Firmicutes, [C] Clostridia, [O] Clostridiales, [F] Ruminococcaceae, [G] Ruminococcus,,743,3121,1522,1736,1169,1876,1210,2087,800,1422,1871,3420,641,2131,1141,3217,947,2293,714,1907,939,1566,464,964
[SK] Bacteria, [P] Firmicutes, [C] Clostridia, [O] Clostridiales, [F] Ruminococcaceae, [G] Ruminococcus, [S] Ruminococcus albus,108,415,147,221,84,309,124,313,84,190,138,425,141,458,167,467,99,382,84,223,0,254,0,0
[SK] Bacteria, [P] Firmicutes, [C] Clostridia, [O] Clostridiales, [F] Ruminococcaceae, [G] Ruminococcus, [S] Ruminococcus bromii,0,0,164,0,249,0,122,0,0,0,353,0,0,0,0,0,0,0,0,287,0,0,0,0
[SK] Bacteria, [P] Firmicutes, [C] Clostridia, [O] Clostridiales, [F] Ruminococcaceae, [G] Ruminococcus, [S] Ruminococcus flavefaciens,449,2775,690,1864,176,2512,558,2270,415,876,551,3325,544,1965,1248,5554,344,1178,593,387,322,2037,271,311
[SK] Bacteria, [P] Firmicutes, [C] Clostridia, [O] Clostridiales, [F] Ruminococcaceae, [G] Ruminococcus, [S] Ruminococcus sp. FC2018,0,292,0,225,0,137,0,320,114,180,0,282,155,454,198,516,0,494,93,0,0,338,109,0
[SK] Bacteria, [P] Firmicutes, [C] Clostridia, [O] Clostridiales, [F] Ruminococcaceae, [G] Ruminococcus, [S] Ruminococcus sp. HUN007,0,267,0,0,0,164,0,0,0,0,0,0,0,0,0,216,0,0,0,0,0,0,0,0
[SK] Bacteria, [P] Firmicutes, [C] Clostridia, [O] Clostridiales, [F] Ruminococcaceae, [G] Ruminococcus, [S] uncultured Ruminococcus sp.,92,293,132,150,118,0,103,0,0,0,191,308,106,0,106,0,109,277,66,274,0,0,0,193
[SK] Bacteria, [P] Firmicutes, [C] Clostridia, [O] Clostridiales, [F] Ruminococcaceae, [G] unknown, [S] Ruminococcaceae bacterium AB4001,248,0,117,0,121,243,114,0,0,0,203,0,0,0,511,501,244,374,0,213,196,161,0,0
[SK] Bacteria, [P] Firmicutes, [C] Clostridia, [O] Clostridiales, [F] Ruminococcaceae, [G] unknown, [S] Ruminococcaceae bacterium P7,0,354,217,0,473,153,154,0,0,0,638,431,0,0,0,0,96,0,0,810,0,0,0,0
[SK] Bacteria, [P] Firmicutes, [C] Clostridia, [O] Clostridiales, [F] unknown, [G] unknown, [S] Clostridiales bacterium NK3B98,194,0,195,0,186,0,154,0,0,0,408,0,88,0,168,0,126,360,0,478,136,0,0,161
[SK] Bacteria, [P] Firmicutes, [C] Clostridia, [O] Clostridiales, [F] unknown, [G] unknown, [S] Clostridiales bacterium,864,568,362,196,1549,584,337,350,94,0,1429,407,96,0,828,540,433,824,97,607,465,211,0,207
[SK] Bacteria, [P] Firmicutes, [C] Erysipelotrichia, [O] Erysipelotrichales, [F] Erysipelotrichaceae,,,558,1058,299,196,245,329,258,539,269,534,461,357,686,766,493,469,643,1109,224,451,603,550,409,1688
[SK] Bacteria, [P] Firmicutes, [C] Erysipelotrichia, [O] Erysipelotrichales, [F] Erysipelotrichaceae, [G] Coprobacillus,,0,0,108,179,53,0,118,0,89,0,100,240,50,0,38,0,42,273,0,243,44,0,75,150
[SK] Bacteria, [P] Firmicutes, [C] Erysipelotrichia, [O] Erysipelotrichales, [F] Erysipelotrichaceae, [G] Coprobacillus, [S] Coprobacillus sp. CAG:826,0,0,0,0,0,0,0,0,0,0,0,0,79,0,130,0,123,0,0,0,102,0,0,0
[SK] Bacteria, [P] Firmicutes, [C] Erysipelotrichia, [O] Erysipelotrichales, [F] Erysipelotrichaceae, [G] Eggerthia, [S] Eggerthia catenaformis,0,0,0,157,0,0,0,0,0,0,0,0,0,0,0,0,0,0,0,0,0,0,0,0
[SK] Bacteria, [P] Firmicutes, [C] Erysipelotrichia, [O] Erysipelotrichales, [F] Erysipelotrichaceae, [G] Solobacterium, [S] Solobacterium moorei,85,0,0,0,0,0,0,0,0,0,0,0,129,0,0,0,0,0,0,0,0,0,68,286
[SK] Bacteria, [P] Firmicutes, [C] Erysipelotrichia, [O] Erysipelotrichales, [F] Erysipelotrichaceae, [G] unknown, [S] Erysipelotrichaceae bacterium NK3D112,355,0,318,151,205,134,238,0,196,342,515,252,373,277,341,243,392,713,0,516,285,169,174,807
[SK] Bacteria, [P] Firmicutes, [C] Negativicutes,,,,,51,895,145,548,46,488,82,607,158,338,149,652,123,268,147,686,146,692,86,533,111,411,307,283
[SK] Bacteria, [P] Firmicutes, [C] Negativicutes, [O] Acidaminococcales, [F] Acidaminococcaceae,,,63,596,114,424,39,376,73,414,143,155,66,323,83,273,147,275,165,303,76,328,105,111,59,242
[SK] Bacteria, [P] Firmicutes, [C] Negativicutes, [O] Acidaminococcales, [F] Acidaminococcaceae, [G] Acidaminococcus,,0,0,0,0,0,0,0,0,169,267,0,0,104,235,151,389,0,320,0,0,0,192,254,0
[SK] Bacteria, [P] Firmicutes, [C] Negativicutes, [O] Acidaminococcales, [F] Acidaminococcaceae, [G] Phascolarctobacterium,,0,781,0,522,0,534,0,471,0,262,0,486,0,0,0,459,0,498,0,518,0,162,88,0
[SK] Bacteria, [P] Firmicutes, [C] Negativicutes, [O] Acidaminococcales, [F] Acidaminococcaceae, [G] Succiniclasticum, [S] Succiniclasticum ruminis,88,1457,219,702,119,951,185,797,178,243,186,724,0,0,293,769,231,686,513,912,161,246,98,0
[SK] Bacteria, [P] Firmicutes, [C] Negativicutes, [O] Selenomonadales,,,,23,79,6,49,22,45,17,65,13,32,17,57,15,52,21,45,26,52,29,58,18,39,28,106
[SK] Bacteria, [P] Firmicutes, [C] Negativicutes, [O] Selenomonadales, [F] Selenomonadaceae,,,129,672,118,558,68,605,129,838,106,248,151,520,132,276,197,741,153,661,168,520,136,737,249,287
[SK] Bacteria, [P] Firmicutes, [C] Negativicutes, [O] Selenomonadales, [F] Selenomonadaceae, [G] Anaerovibrio,,0,374,0,0,62,334,0,0,0,0,0,280,0,0,0,0,0,0,95,0,0,0,0,0
[SK] Bacteria, [P] Firmicutes, [C] Negativicutes, [O] Selenomonadales, [F] Selenomonadaceae, [G] Schwartzia, [S] Schwartzia succinivorans,319,319,0,232,76,195,0,287,0,0,0,270,0,0,0,0,0,0,114,227,0,0,0,0
[SK] Bacteria, [P] Firmicutes, [C] Negativicutes, [O] Selenomonadales, [F] Selenomonadaceae, [G] Selenomonas,,119,635,100,229,93,893,93,713,127,232,197,638,149,230,200,416,130,358,223,247,186,306,177,184
[SK] Bacteria, [P] Firmicutes, [C] Negativicutes, [O] Selenomonadales, [F] Selenomonadaceae, [G] Selenomonas, [S] Selenomonas bovis,0,0,0,0,0,0,0,0,0,0,0,0,0,0,0,0,0,0,0,0,0,166,0,0
[SK] Bacteria, [P] Firmicutes, [C] Negativicutes, [O] Selenomonadales, [F] Selenomonadaceae, [G] Selenomonas, [S] Selenomonas ruminantium,0,590,0,223,120,797,92,586,0,0,0,485,0,0,0,245,0,0,355,269,0,197,89,181
[SK] Bacteria, [P] Firmicutes, [C] Negativicutes, [O] Selenomonadales, [F] Selenomonadaceae, [G] Selenomonas, [S] Selenomonas sp. AE3005,0,0,0,0,0,0,0,0,0,0,0,0,0,0,0,0,0,0,65,0,0,0,0,0
[SK] Bacteria, [P] Firmicutes, [C] Negativicutes, [O] Veillonellales, [F] Veillonellaceae,,,87,272,0,191,79,141,117,190,123,257,0,0,153,391,116,470,166,563,106,217,116,447,387,253
[SK] Bacteria, [P] Firmicutes, [C] Negativicutes, [O] Veillonellales, [F] Veillonellaceae, [G] Dialister,,0,311,0,241,0,0,0,273,138,406,0,0,159,551,230,773,98,0,0,0,0,937,1388,0
[SK] Bacteria, [P] Firmicutes, [C] Negativicutes, [O] Veillonellales, [F] Veillonellaceae, [G] Dialister, [S] Dialister sp. CAG:357,0,0,0,0,0,0,0,0,0,0,0,0,0,0,0,0,0,0,0,0,0,0,69,0
[SK] Bacteria, [P] Firmicutes, [C] Negativicutes, [O] Veillonellales, [F] Veillonellaceae, [G] Dialister, [S] Dialister succinatiphilus,0,0,0,0,0,0,0,0,92,0,0,0,89,214,0,322,0,0,0,0,0,398,1037,0
[SK] Bacteria, [P] Firmicutes, [C] Negativicutes, [O] Veillonellales, [F] Veillonellaceae, [G] Megasphaera,,0,0,0,0,0,0,0,0,0,0,0,0,0,0,0,0,0,0,0,0,0,0,118,151
[SK] Bacteria, [P] Firmicutes, [C] unknown, [O] unknown, [F] unknown, [G] unknown, [S] Firmicutes bacterium CAG:103,252,0,914,0,151,0,334,0,260,258,862,0,274,0,242,0,240,679,0,549,179,0,0,222
[SK] Bacteria, [P] Firmicutes, [C] unknown, [O] unknown, [F] unknown, [G] unknown, [S] Firmicutes bacterium CAG:114,0,0,0,0,0,0,0,0,0,0,0,0,0,0,136,0,0,0,0,0,0,0,0,0
[SK] Bacteria, [P] Firmicutes, [C] unknown, [O] unknown, [F] unknown, [G] unknown, [S] Firmicutes bacterium CAG:124,0,0,0,0,0,0,0,0,0,0,112,0,0,0,0,0,0,0,0,0,0,0,0,0
[SK] Bacteria, [P] Firmicutes, [C] unknown, [O] unknown, [F] unknown, [G] unknown, [S] Firmicutes bacterium CAG:238,0,0,0,0,0,0,0,0,0,0,0,0,0,0,0,0,95,0,0,0,0,0,0,0
[SK] Bacteria, [P] Firmicutes, [C] unknown, [O] unknown, [F] unknown, [G] unknown, [S] Firmicutes bacterium CAG:240,0,0,144,0,50,0,108,0,0,0,192,0,0,0,0,0,0,0,0,0,0,0,0,0
[SK] Bacteria, [P] Firmicutes, [C] unknown, [O] unknown, [F] unknown, [G] unknown, [S] Firmicutes bacterium CAG:555,135,0,282,0,122,0,194,0,88,0,423,0,92,0,173,0,186,0,0,0,117,0,0,0
[SK] Bacteria, [P] Firmicutes, [C] unknown, [O] unknown, [F] unknown, [G] unknown, [S] Firmicutes bacterium CAG:582,0,0,0,0,0,0,0,0,0,0,0,0,80,0,0,0,0,0,0,0,0,0,123,0
[SK] Bacteria, [P] Firmicutes, [C] unknown, [O] unknown, [F] unknown, [G] unknown, [S] Firmicutes bacterium CAG:791,234,0,179,0,69,0,180,0,417,421,418,0,463,266,240,0,313,466,0,0,269,0,129,726
[SK] Bacteria, [P] Fusobacteria, [C] Fusobacteriia,,,,,0,0,0,0,0,0,0,0,0,0,0,0,0,0,0,0,0,0,0,0,0,0,2,0
[SK] Bacteria, [P] Fusobacteria, [C] Fusobacteriia, [O] Fusobacteriales,,,,0,0,0,0,0,0,0,0,0,0,0,0,0,0,0,0,0,0,0,0,0,0,10,0
[SK] Bacteria, [P] Fusobacteria, [C] Fusobacteriia, [O] Fusobacteriales, [F] Fusobacteriaceae,,,0,0,0,0,0,0,0,0,0,0,0,0,0,0,0,0,0,0,0,0,0,0,2,0
[SK] Bacteria, [P] Fusobacteria, [C] Fusobacteriia, [O] Fusobacteriales, [F] Fusobacteriaceae, [G] Fusobacterium,,0,0,0,0,0,0,0,0,0,0,0,0,0,0,0,0,0,0,0,0,0,0,83,0
[SK] Bacteria, [P] Lentisphaerae,,,,,,0,0,0,0,76,0,0,0,0,0,0,0,0,0,0,0,0,0,69,0,0,0,0,0
[SK] Bacteria, [P] Planctomycetes,,,,,,0,0,0,0,71,0,0,0,0,0,0,0,0,0,0,0,116,0,0,0,0,0,0,0
[SK] Bacteria, [P] Proteobacteria,,,,,,107,1973,301,1348,194,462,394,2235,450,1273,241,1151,474,1056,288,718,565,1343,399,1091,376,1433,699,1290
[SK] Bacteria, [P] Proteobacteria, [C] Alphaproteobacteria,,,,,188,590,177,322,149,343,246,619,200,346,194,498,165,282,330,479,165,521,150,467,295,422,217,278
[SK] Bacteria, [P] Proteobacteria, [C] Alphaproteobacteria, [O] Rhizobiales,,,,0,0,0,0,79,0,0,0,0,0,0,0,0,0,0,0,91,0,0,0,124,0,0,340
[SK] Bacteria, [P] Proteobacteria, [C] Alphaproteobacteria, [O] Rhizobiales, [F] Rhizobiaceae,,,0,0,0,0,66,0,0,0,0,0,0,0,0,0,0,0,0,0,0,0,0,0,0,0
[SK] Bacteria, [P] Proteobacteria, [C] Alphaproteobacteria, [O] Rickettsiales,,,,0,7,0,3,0,7,0,0,0,0,0,0,0,0,0,0,0,0,0,0,0,0,0,0
[SK] Bacteria, [P] Proteobacteria, [C] Alphaproteobacteria, [O] Rickettsiales, [F] Anaplasmataceae,,,0,3,0,0,0,6,0,0,0,0,0,0,0,0,0,0,0,0,0,0,0,0,0,0
[SK] Bacteria, [P] Proteobacteria, [C] Alphaproteobacteria, [O] Rickettsiales, [F] Anaplasmataceae, [G] Anaplasma,,0,0,0,0,0,1,0,0,0,0,0,0,0,0,0,0,0,0,0,0,0,0,0,0
[SK] Bacteria, [P] Proteobacteria, [C] Alphaproteobacteria, [O] Rickettsiales, [F] Anaplasmataceae, [G] Anaplasma, [S] Anaplasma phagocytophilum,0,2262,0,1656,0,232,0,0,0,0,0,0,0,0,0,0,0,0,0,0,0,0,0,0
[SK] Bacteria, [P] Proteobacteria, [C] Alphaproteobacteria, [O] Sphingomonadales,,,,0,0,0,0,7,135,0,0,0,0,0,0,0,0,0,0,0,0,0,0,0,0,0,0
[SK] Bacteria, [P] Proteobacteria, [C] Alphaproteobacteria, [O] Sphingomonadales, [F] Sphingomonadaceae,,,0,0,0,0,108,0,0,0,0,0,0,0,0,0,0,0,0,0,0,0,0,0,0,0
[SK] Bacteria, [P] Proteobacteria, [C] Betaproteobacteria,,,,,21,161,22,97,22,58,28,117,42,56,28,65,46,64,41,55,60,112,26,57,47,130,65,81
[SK] Bacteria, [P] Proteobacteria, [C] Betaproteobacteria, [O] Burkholderiales,,,,105,815,224,507,131,210,205,425,168,499,144,410,260,433,105,363,196,662,131,652,299,406,183,713
[SK] Bacteria, [P] Proteobacteria, [C] Betaproteobacteria, [O] Burkholderiales, [F] Alcaligenaceae,,,0,0,0,0,0,0,0,207,23,42,0,0,0,23,0,0,27,17,0,0,0,0,23,53
[SK] Bacteria, [P] Proteobacteria, [C] Betaproteobacteria, [O] Burkholderiales, [F] Alcaligenaceae, [G] Pelistega,,0,0,0,0,0,0,0,0,0,1,0,0,0,0,0,0,0,0,0,0,0,0,0,0
[SK] Bacteria, [P] Proteobacteria, [C] Betaproteobacteria, [O] Burkholderiales, [F] Alcaligenaceae, [G] Pelistega, [S] Pelistega indica,0,0,0,0,0,0,0,0,98,386,0,0,0,222,0,0,135,281,0,0,0,0,75,706
[SK] Bacteria, [P] Proteobacteria, [C] Betaproteobacteria, [O] Burkholderiales, [F] Burkholderiaceae,,,0,0,0,0,0,0,0,0,0,0,0,0,0,0,0,0,0,0,0,0,0,0,0,149
[SK] Bacteria, [P] Proteobacteria, [C] Betaproteobacteria, [O] Burkholderiales, [F] Comamonadaceae,,,0,0,0,0,0,0,0,0,0,0,0,0,0,0,0,0,0,0,0,0,0,0,88,0
[SK] Bacteria, [P] Proteobacteria, [C] Betaproteobacteria, [O] Burkholderiales, [F] Sutterellaceae,,,0,48,0,23,7,0,49,46,66,22,0,0,47,30,33,0,70,35,22,39,49,36,46,43
[SK] Bacteria, [P] Proteobacteria, [C] Betaproteobacteria, [O] Burkholderiales, [F] Sutterellaceae, [G] Sutterella,,0,89,0,69,51,0,13,112,26,76,0,0,13,51,12,0,18,56,11,36,6,179,22,69
[SK] Bacteria, [P] Proteobacteria, [C] Betaproteobacteria, [O] Burkholderiales, [F] Sutterellaceae, [G] Sutterella, [S] Sutterella wadsworthensis,0,399,0,317,0,0,181,274,239,447,0,0,290,348,130,0,310,512,81,356,166,0,149,514
[SK] Bacteria, [P] Proteobacteria, [C] Deltaproteobacteria,,,,,96,217,121,129,76,259,50,145,49,104,155,417,45,112,133,242,102,217,71,390,55,214,42,168
[SK] Bacteria, [P] Proteobacteria, [C] Deltaproteobacteria, [O] Desulfovibrionales,,,,0,260,0,16,6,0,3,195,6,21,0,0,9,26,0,0,7,45,7,0,108,0,16,17
[SK] Bacteria, [P] Proteobacteria, [C] Deltaproteobacteria, [O] Desulfovibrionales, [F] Desulfovibrionaceae,,,0,0,0,204,70,0,87,0,143,284,0,0,112,274,0,0,169,382,75,0,0,0,67,61
[SK] Bacteria, [P] Proteobacteria, [C] Deltaproteobacteria, [O] Desulfovibrionales, [F] Desulfovibrionaceae, [G] Bilophila,,0,0,0,0,0,0,0,0,0,0,0,0,0,0,0,0,0,0,0,0,0,0,0,151
[SK] Bacteria, [P] Proteobacteria, [C] Deltaproteobacteria, [O] Desulfovibrionales, [F] Desulfovibrionaceae, [G] Desulfovibrio,,0,0,0,0,0,0,0,0,0,0,0,0,0,0,0,0,0,0,0,0,0,0,119,181
[SK] Bacteria, [P] Proteobacteria, [C] Epsilonproteobacteria,,,,,0,250,0,11,0,0,0,0,0,0,0,0,0,0,0,0,0,0,0,0,0,0,0,151
[SK] Bacteria, [P] Proteobacteria, [C] Epsilonproteobacteria, [O] Campylobacterales,,,,0,0,0,169,0,0,0,0,0,0,0,0,0,0,0,0,0,0,0,0,0,0,0,0
[SK] Bacteria, [P] Proteobacteria, [C] Gammaproteobacteria,,,,,288,2840,449,2090,255,493,605,4051,600,893,413,1734,512,914,368,1236,649,910,605,745,505,2785,1267,1032
[SK] Bacteria, [P] Proteobacteria, [C] Gammaproteobacteria, [O] Aeromonadales,,,,84,369,28,112,11,41,56,314,30,44,26,244,14,95,21,91,28,32,94,29,8,208,111,48
[SK] Bacteria, [P] Proteobacteria, [C] Gammaproteobacteria, [O] Aeromonadales, [F] Aeromonadaceae,,,0,0,0,157,0,0,0,149,0,0,0,0,0,0,0,0,0,0,0,0,0,118,108,0
[SK] Bacteria, [P] Proteobacteria, [C] Gammaproteobacteria, [O] Aeromonadales, [F] Aeromonadaceae, [G] Aeromonas,,0,0,0,0,0,0,0,284,0,0,0,0,0,0,0,0,0,0,0,0,0,163,0,0
[SK] Bacteria, [P] Proteobacteria, [C] Gammaproteobacteria, [O] Aeromonadales, [F] Succinivibrionaceae,,,0,1019,167,676,144,321,188,832,230,359,160,707,195,324,169,312,170,469,216,543,197,529,425,351
[SK] Bacteria, [P] Proteobacteria, [C] Gammaproteobacteria, [O] Aeromonadales, [F] Succinivibrionaceae, [G] Ruminobacter,,0,0,0,0,0,0,0,0,0,0,0,0,0,0,0,0,0,0,77,0,0,0,0,0
[SK] Bacteria, [P] Proteobacteria, [C] Gammaproteobacteria, [O] Aeromonadales, [F] Succinivibrionaceae, [G] Succinatimonas,,0,30,0,35,0,0,5,64,3,10,0,0,2,14,0,0,2,0,11,0,0,162,19,2
[SK] Bacteria, [P] Proteobacteria, [C] Gammaproteobacteria, [O] Aeromonadales, [F] Succinivibrionaceae, [G] Succinatimonas, [S] Succinatimonas sp. CAG:777,0,319,0,205,0,0,98,230,187,365,0,0,224,188,0,0,160,0,67,0,0,0,74,281
[SK] Bacteria, [P] Proteobacteria, [C] Gammaproteobacteria, [O] Aeromonadales, [F] Succinivibrionaceae, [G] Succinimonas, [S] Succinimonas amylolytica,0,0,0,0,0,0,0,253,0,0,0,0,0,0,0,0,0,0,115,0,0,194,0,0
[SK] Bacteria, [P] Proteobacteria, [C] Gammaproteobacteria, [O] Aeromonadales, [F] Succinivibrionaceae, [G] Succinivibrio, [S] Succinivibrio dextrinosolvens,0,0,0,0,0,0,0,232,0,0,0,0,0,0,0,0,0,0,0,0,0,155,0,0
[SK] Bacteria, [P] Proteobacteria, [C] Gammaproteobacteria, [O] Enterobacterales,,,,0,266,0,171,0,140,0,438,98,267,0,0,94,237,0,0,112,275,77,245,0,261,123,300
[SK] Bacteria, [P] Proteobacteria, [C] Gammaproteobacteria, [O] Enterobacterales, [F] Enterobacteriaceae,,,0,504,0,285,0,0,0,0,0,0,0,0,0,0,0,0,0,0,0,0,0,0,74,153
[SK] Bacteria, [P] Proteobacteria, [C] Gammaproteobacteria, [O] Pseudomonadales,,,,0,92,0,120,54,65,87,71,0,199,0,42,90,216,0,255,32,311,23,63,0,53,59,67
[SK] Bacteria, [P] Proteobacteria, [C] Gammaproteobacteria, [O] Pseudomonadales, [F] Moraxellaceae,,,0,138,0,46,0,15,0,45,0,0,0,46,0,0,0,0,135,0,25,254,0,194,82,169
[SK] Bacteria, [P] Proteobacteria, [C] Gammaproteobacteria, [O] Pseudomonadales, [F] Moraxellaceae, [G] Acinetobacter,,0,353,0,185,0,194,0,320,0,0,0,376,0,0,0,0,0,0,83,0,0,0,0,156
[SK] Bacteria, [P] Proteobacteria, [C] Gammaproteobacteria, [O] Xanthomonadales,,,,0,0,4,0,0,0,0,0,0,0,0,0,0,12,4,0,1,13,0,0,104,0,9,22
[SK] Bacteria, [P] Proteobacteria, [C] Gammaproteobacteria, [O] Xanthomonadales, [F] Xanthomonadaceae,,,0,0,27,0,0,0,0,0,0,0,0,0,0,181,119,0,99,456,0,0,0,0,38,221
[SK] Bacteria, [P] Proteobacteria, [C] Gammaproteobacteria, [O] Xanthomonadales, [F] Xanthomonadaceae, [G] Stenotrophomonas,,0,0,0,0,0,0,0,0,0,0,0,0,0,0,0,0,90,0,0,0,0,0,36,256
[SK] Bacteria, [P] Proteobacteria, [C] Gammaproteobacteria, [O] Xanthomonadales, [F] Xanthomonadaceae, [G] Stenotrophomonas, [S] Stenotrophomonas maltophilia,0,0,0,0,0,0,0,0,0,0,0,0,0,0,0,0,170,0,0,0,0,0,83,0
[SK] Bacteria, [P] Proteobacteria, [C] Gammaproteobacteria, [O] Xanthomonadales, [F] Xanthomonadaceae, [G] Xanthomonas,,0,0,101,0,0,0,0,0,0,0,0,0,0,0,0,0,0,0,0,0,0,0,72,0
[SK] Bacteria, [P] Spirochaetes,,,,,,17,103,29,54,14,40,23,77,26,65,24,110,29,53,25,66,37,92,14,66,33,39,20,107
[SK] Bacteria, [P] Spirochaetes, [C] Spirochaetia,,,,,10,11,15,8,1,105,23,92,6,19,27,89,7,21,15,39,19,36,35,36,9,35,18,28
[SK] Bacteria, [P] Spirochaetes, [C] Spirochaetia, [O] Brachyspirales, [F] Brachyspiraceae, [G] Brachyspira,,0,303,0,94,0,0,0,0,0,0,0,0,0,0,0,0,0,0,0,0,0,0,0,0
[SK] Bacteria, [P] Spirochaetes, [C] Spirochaetia, [O] Brachyspirales, [F] Brachyspiraceae, [G] Brachyspira, [S] Brachyspira hampsonii,0,0,0,168,0,0,0,0,0,0,0,0,0,0,0,0,0,0,0,0,0,0,0,0
[SK] Bacteria, [P] Spirochaetes, [C] Spirochaetia, [O] Spirochaetales,,,,0,6,1,4,1,2,0,6,0,2,0,3,0,2,1,2,0,3,0,2,1,0,1,0
[SK] Bacteria, [P] Spirochaetes, [C] Spirochaetia, [O] Spirochaetales, [F] Spirochaetaceae,,,24,95,36,70,30,46,35,74,26,45,59,108,40,45,47,61,47,72,20,68,45,45,25,45
[SK] Bacteria, [P] Spirochaetes, [C] Spirochaetia, [O] Spirochaetales, [F] Spirochaetaceae, [G] Treponema,,468,1798,494,1804,162,401,453,1350,174,409,664,2853,184,344,602,1253,435,781,524,782,384,723,136,223
[SK] Bacteria, [P] Spirochaetes, [C] Spirochaetia, [O] Spirochaetales, [F] Spirochaetaceae, [G] Treponema, [S] Treponema bryantii,716,887,327,909,115,287,257,658,80,249,411,1377,217,306,919,1397,328,518,188,383,379,517,0,149
[SK] Bacteria, [P] Spirochaetes, [C] Spirochaetia, [O] Spirochaetales, [F] Spirochaetaceae, [G] Treponema, [S] Treponema succinifaciens,0,0,0,0,0,0,0,0,0,0,0,282,0,0,0,0,0,0,0,0,0,0,0,0
[SK] Bacteria, [P] Tenericutes,,,,,,33,96,25,68,23,34,28,56,19,35,39,86,49,47,44,36,44,99,24,97,33,38,16,78
[SK] Bacteria, [P] Tenericutes, [C] Mollicutes,,,,,32,122,37,66,18,46,33,58,24,47,36,149,39,49,46,54,43,109,36,97,33,55,33,58
[SK] Bacteria, [P] Tenericutes, [C] Mollicutes, [O] Mycoplasmatales,,,,0,0,0,0,0,0,0,0,0,0,0,1,0,0,0,1,0,0,0,0,0,0,0,0
[SK] Bacteria, [P] Tenericutes, [C] Mollicutes, [O] Mycoplasmatales, [F] Mycoplasmataceae,,,0,28,3,9,2,3,1,1,0,2,4,3,0,1,1,1,0,3,1,4,0,2,1,3
[SK] Bacteria, [P] Tenericutes, [C] Mollicutes, [O] Mycoplasmatales, [F] Mycoplasmataceae, [G] Mycoplasma,,72,495,85,178,35,228,48,145,41,98,89,322,76,111,78,277,76,212,55,167,80,111,90,178
[SK] Bacteria, [P] Tenericutes, [C] Mollicutes, [O] Mycoplasmatales, [F] Mycoplasmataceae, [G] Mycoplasma, [S] Mycoplasma sp. CAG:877,243,0,105,248,102,0,117,252,138,201,137,541,228,346,142,0,147,422,76,234,164,207,203,403
[SK] Bacteria, [P] unknown, [C] unknown, [O] unknown, [F] unknown, [G] unknown, [S] bacterium F082,169,2178,739,1157,230,965,601,1180,471,1150,1594,2538,401,913,682,1149,699,1946,454,2476,548,777,339,855
[SK] Bacteria, [P] unknown, [C] unknown, [O] unknown, [F] unknown, [G] unknown, [S] bacterium F083,129,1061,367,537,140,569,304,741,217,557,608,1127,219,513,382,760,313,966,256,1158,269,428,159,344
[SK] Bacteria, [P] unknown, [C] unknown, [O] unknown, [F] unknown, [G] unknown, [S] bacterium P201,211,1715,562,968,260,896,532,1333,390,1186,611,1345,377,1089,697,1442,532,1779,382,1826,589,931,258,588
[SK] Bacteria, [P] unknown, [C] unknown, [O] unknown, [F] unknown, [G] unknown, [S] bacterium P3,658,3193,2445,1893,750,1309,1678,2060,852,1374,2610,3035,725,1507,2229,2173,1772,3305,889,3994,2082,1407,443,848
[SK] Bacteria, [P] unknown, [C] unknown, [O] unknown, [F] unknown, [G] unknown, [S] candidate division SR1 bacterium RAAC1_SR1_1,0,0,0,257,0,0,0,0,0,0,0,263,0,0,0,0,0,0,0,0,0,0,0,0
[SK] Bacteria, [P] unknown, [C] unknown, [O] unknown, [F] unknown, [G] unknown, [S] uncultured bacterium URE4,0,0,0,0,0,0,0,0,0,0,168,0,0,0,0,0,0,0,0,0,0,0,0,0
[SK] Bacteria, [P] unknown, [C] unknown, [O] unknown, [F] unknown, [G] unknown, [S] uncultured bacterium,93,421,127,234,72,229,93,325,0,302,129,362,94,316,118,284,100,494,78,414,0,204,106,280
[SK] Bacteria, [P] Verrucomicrobia,,,,,,0,0,0,0,60,0,15,0,13,198,0,0,14,0,0,0,23,0,91,0,117,0,74,33
[SK] Bacteria, [P] Verrucomicrobia, [C] Verrucomicrobiae,,,,,0,0,0,0,0,0,1,0,0,0,0,0,0,0,0,0,1,0,0,0,0,0,0,0
[SK] Bacteria, [P] Verrucomicrobia, [C] Verrucomicrobiae, [O] Verrucomicrobiales,,,,0,0,0,0,0,0,0,0,2,0,0,0,1,0,0,0,1,0,0,0,0,0,0,4
[SK] Bacteria, [P] Verrucomicrobia, [C] Verrucomicrobiae, [O] Verrucomicrobiales, [F] Akkermansiaceae, [G] Akkermansia,,0,0,0,0,0,0,89,0,176,0,0,0,197,0,0,0,159,0,0,0,0,0,0,158
[SK] Eukaryota,,,,,,,574,10130,569,4731,370,26375,965,8565,154,0,2079,28480,85,0,742,2652,325,0,12854,0,0,3407,130,0
[SK] Eukaryota, [P] Apicomplexa,,,,,,0,170,0,102,0,42,0,69,0,0,0,154,0,0,0,0,0,0,19,0,0,0,0,0
[SK] Eukaryota, [P] Apicomplexa, [C] Aconoidasida,,,,,0,108,0,60,0,46,0,201,0,0,0,309,0,0,0,0,0,0,70,0,0,0,0,0
[SK] Eukaryota, [P] Apicomplexa, [C] Aconoidasida, [O] Haemosporida, [F] Plasmodiidae, [G] Plasmodium,,0,0,0,0,0,179,0,0,0,0,0,0,0,0,0,0,0,0,195,0,0,0,0,0
[SK] Eukaryota, [P] Apicomplexa, [C] Aconoidasida, [O] unknown, [F] Babesiidae, [G] Babesia,,0,1,0,5,0,12,0,0,0,0,0,0,0,0,0,0,0,0,0,0,0,0,0,0
[SK] Eukaryota, [P] Apicomplexa, [C] Aconoidasida, [O] unknown, [F] Babesiidae, [G] Babesia, [S] Babesia bigemina,0,1148,0,896,0,159,0,0,0,0,0,0,0,0,0,0,0,0,0,0,0,0,0,0
[SK] Eukaryota, [P] Apicomplexa, [C] Conoidasida,,,,,0,0,0,0,0,8,0,0,0,0,0,0,0,0,0,0,0,0,3,0,0,0,0,0
[SK] Eukaryota, [P] Apicomplexa, [C] Conoidasida, [O] Eucoccidiorida,,,,0,0,0,0,0,137,0,0,0,0,0,0,0,0,0,0,0,0,85,0,0,0,0,0
[SK] Eukaryota, [P] Ascomycota,,,,,,0,308,0,0,26,520,0,293,0,0,99,545,0,0,0,0,0,0,223,0,0,0,0,0
[SK] Eukaryota, [P] Ascomycota, [C] Saccharomycetes, [O] Saccharomycetales,,,,0,0,0,0,8,293,0,0,0,0,0,295,0,0,0,0,0,0,185,0,0,0,0,0
[SK] Eukaryota, [P] Ascomycota, [C] Saccharomycetes, [O] Saccharomycetales, [F] Debaryomycetaceae,,,0,0,0,0,8,0,0,0,0,0,0,0,0,0,0,0,0,0,0,0,0,0,0,0
[SK] Eukaryota, [P] Ascomycota, [C] Saccharomycetes, [O] Saccharomycetales, [F] Debaryomycetaceae, [G] Debaryomyces,,0,0,0,0,81,0,0,0,0,0,0,0,0,0,0,0,0,0,0,0,0,0,0,0
[SK] Eukaryota, [P] Ascomycota, [C] Saccharomycetes, [O] Saccharomycetales, [F] Debaryomycetaceae, [G] Debaryomyces, [S] Debaryomyces hansenii,0,0,0,0,126,0,0,0,0,0,0,0,0,0,0,0,0,0,0,0,0,0,0,0
[SK] Eukaryota, [P] Ascomycota, [C] Saccharomycetes, [O] Saccharomycetales, [F] Saccharomycetaceae,,,0,0,0,0,0,0,0,0,0,0,0,0,0,0,0,0,0,0,81,0,0,0,0,0
[SK] Eukaryota, [P] Basidiomycota,,,,,,0,0,0,0,0,270,0,0,0,0,0,293,0,0,0,0,0,0,123,0,0,0,0,0
[SK] Eukaryota, [P] Chytridiomycota,,,,,,0,0,0,0,0,0,0,0,0,0,7,0,0,0,0,0,0,0,48,0,0,0,0,0
[SK] Eukaryota, [P] Chytridiomycota, [C] Neocallimastigomycetes, [O] Neocallimastigales, [F] Neocallimastigaceae,,,0,380,0,217,0,771,0,426,0,0,163,762,0,0,0,0,0,0,337,0,0,171,0,0
[SK] Eukaryota, [P] Chytridiomycota, [C] Neocallimastigomycetes, [O] Neocallimastigales, [F] Neocallimastigaceae, [G] Anaeromyces, [S] Anaeromyces robustus,0,0,0,0,0,248,0,0,0,0,0,222,0,0,0,0,0,0,162,0,0,0,0,0
[SK] Eukaryota, [P] Chytridiomycota, [C] Neocallimastigomycetes, [O] Neocallimastigales, [F] Neocallimastigaceae, [G] Neocallimastix,,0,0,0,0,0,1,0,0,0,0,0,0,0,0,0,0,0,0,0,0,0,0,0,0
[SK] Eukaryota, [P] Chytridiomycota, [C] Neocallimastigomycetes, [O] Neocallimastigales, [F] Neocallimastigaceae, [G] Neocallimastix, [S] Neocallimastix californiae,0,252,0,0,0,659,0,0,0,0,0,659,0,0,0,0,0,0,500,0,0,0,0,0
[SK] Eukaryota, [P] Chytridiomycota, [C] Neocallimastigomycetes, [O] Neocallimastigales, [F] Neocallimastigaceae, [G] Piromyces, [S] Piromyces finnis,0,0,0,0,0,0,0,0,0,0,0,0,0,0,0,0,0,0,105,0,0,0,0,0
[SK] Eukaryota, [P] Mucoromycota,,,,,,0,0,0,0,0,181,0,0,0,0,0,0,0,0,0,0,0,0,49,0,0,0,0,0
[SK] Eukaryota, [P] Mucoromycota, [C] Mucoromycetes, [O] Mucorales,,,,0,0,0,0,0,0,0,0,0,0,0,0,0,0,0,0,0,0,94,0,0,0,0,0
[SK] Eukaryota, [P] unknown, [C] Heterotrichea, [O] Heterotrichida,,,,0,0,0,0,0,4,0,1,0,0,0,0,0,0,0,0,0,0,0,0,0,0,0,0
[SK] Eukaryota, [P] unknown, [C] Heterotrichea, [O] Heterotrichida, [F] Stentoridae, [G] Stentor, [S] Stentor coeruleus,0,361,0,174,0,1190,0,338,0,0,175,1259,0,0,0,0,0,0,1175,0,0,0,0,0
[SK] Eukaryota, [P] unknown, [C] Litostomatea,,,,,0,17,0,0,0,46,0,20,0,0,0,74,0,0,0,0,0,0,47,0,0,0,0,0
[SK] Eukaryota, [P] unknown, [C] Litostomatea, [O] Entodiniomorphida, [F] Ophryoscolecidae,,,0,54,0,0,0,166,0,29,0,0,0,76,0,0,0,0,0,0,45,0,0,0,0,0
[SK] Eukaryota, [P] unknown, [C] Litostomatea, [O] Entodiniomorphida, [F] Ophryoscolecidae, [G] Entodinium, [S] Entodinium caudatum,0,286,0,0,0,683,0,236,0,0,0,778,0,0,0,0,0,0,543,0,0,0,0,0
[SK] Eukaryota, [P] unknown, [C] Oligohymenophorea,,,,,142,714,0,361,0,1096,171,453,0,0,190,1148,0,0,120,229,0,0,891,0,0,379,0,0
[SK] Eukaryota, [P] unknown, [C] Oligohymenophorea, [O] Hymenostomatida,,,,0,423,0,205,0,236,0,142,0,0,100,263,0,0,0,0,0,0,251,0,0,0,0,0
[SK] Eukaryota, [P] unknown, [C] Oligohymenophorea, [O] Hymenostomatida, [F] Tetrahymenidae, [G] Tetrahymena,,0,0,0,0,0,3,0,2,0,0,1,1,0,0,0,0,0,0,1,0,0,0,0,0
[SK] Eukaryota, [P] unknown, [C] Oligohymenophorea, [O] Hymenostomatida, [F] Tetrahymenidae, [G] Tetrahymena, [S] Tetrahymena thermophila,0,0,0,0,0,707,0,196,0,0,124,744,0,0,0,0,0,0,837,0,0,0,0,0
[SK] Eukaryota, [P] unknown, [C] Oligohymenophorea, [O] Hymenostomatida, [F] unknown, [G] Ichthyophthirius, [S] Ichthyophthirius multifiliis,0,0,0,0,0,328,0,0,0,0,0,346,0,0,0,0,0,0,518,0,0,0,0,0
[SK] Eukaryota, [P] unknown, [C] Oligohymenophorea, [O] Peniculida, [F] Parameciidae, [G] Paramecium,,0,0,0,0,0,2,0,0,0,0,0,3,0,0,0,0,0,0,2,0,0,0,0,0
[SK] Eukaryota, [P] unknown, [C] Oligohymenophorea, [O] Peniculida, [F] Parameciidae, [G] Paramecium, [S] Paramecium tetraurelia,0,0,0,0,0,725,0,208,0,0,156,765,0,0,0,0,0,0,930,0,0,0,0,0
[SK] Eukaryota, [P] unknown, [C] Oligohymenophorea, [O] Philasterida,,,,0,0,0,0,0,2,0,0,0,0,0,4,0,0,0,0,0,0,4,0,0,0,0,0
[SK] Eukaryota, [P] unknown, [C] Oligohymenophorea, [O] Philasterida, [F] Pseudocohnilembidae, [G] Pseudocohnilembus, [S] Pseudocohnilembus persalinus,0,0,0,0,0,423,0,0,0,0,0,437,0,0,0,0,0,0,479,0,0,0,0,0
[SK] Eukaryota, [P] unknown, [C] Oomycetes,,,,,0,0,0,0,0,257,0,0,0,0,0,298,0,0,0,0,0,0,83,0,0,0,0,0
[SK] Eukaryota, [P] unknown, [C] Oomycetes, [O] Saprolegniales, [F] Saprolegniaceae,,,0,0,0,0,0,0,0,0,0,0,0,0,0,0,0,0,0,0,74,0,0,0,0,0
[SK] Eukaryota, [P] unknown, [C] Spirotrichea,,,,,1,17,0,9,0,62,4,9,0,0,5,59,0,0,0,5,0,0,29,0,0,3,0,0
[SK] Eukaryota, [P] unknown, [C] Spirotrichea, [O] Sporadotrichida,,,,0,0,0,0,0,0,0,0,0,0,0,1,0,0,0,0,0,0,0,0,0,0,0,0
[SK] Eukaryota, [P] unknown, [C] Spirotrichea, [O] Sporadotrichida, [F] Oxytrichidae,,,107,1094,0,479,0,1952,147,974,0,0,215,2087,0,0,0,222,0,0,1369,0,0,355,0,0
[SK] Eukaryota, [P] unknown, [C] Spirotrichea, [O] Sporadotrichida, [F] Oxytrichidae, [G] Oxytricha, [S] Oxytricha trifallax,0,0,0,0,0,702,0,0,0,0,136,751,0,0,0,0,0,0,909,0,0,0,0,0
[SK] Eukaryota, [P] unknown, [C] Spirotrichea, [O] Sporadotrichida, [F] Oxytrichidae, [G] Stylonychia,,0,0,0,0,0,0,0,0,0,0,0,0,0,0,0,0,0,0,2,0,0,0,0,0
[SK] Eukaryota, [P] unknown, [C] Spirotrichea, [O] Sporadotrichida, [F] Oxytrichidae, [G] Stylonychia, [S] Stylonychia lemnae,0,0,0,0,0,631,0,0,0,0,103,649,0,0,0,0,0,0,793,0,0,0,0,0
[SK] Eukaryota, [P] unknown, [C] unknown, [O] Acytosteliales,,,,0,0,0,0,0,0,0,0,0,0,0,0,0,0,0,0,0,0,72,0,0,0,0,0
[SK] Eukaryota, [P] unknown, [C] unknown, [O] Dictyosteliales,,,,0,0,0,0,0,0,0,0,0,0,0,0,0,0,0,0,0,0,96,0,0,0,0,0
[SK] Eukaryota, [P] unknown, [C] unknown, [O] Dictyosteliales, [F] Dictyosteliaceae, [G] Dictyostelium,,0,0,0,0,0,157,0,0,0,0,0,0,0,0,0,0,0,0,0,0,0,0,0,0
[SK] Eukaryota, [P] unknown, [C] unknown, [O] Trichomonadida, [F] Trichomonadidae, [G] Trichomonas, [S] Trichomonas vaginalis,0,0,0,0,0,0,0,0,0,0,0,0,0,0,0,0,0,0,84,0,0,0,0,0
[SK] Eukaryota, [P] unknown, [C] unknown, [O] Tritrichomonadida,,,,0,0,0,0,0,1,0,0,0,0,0,1,0,0,0,0,0,0,0,0,0,0,0,0
[SK] Eukaryota, [P] unknown, [C] unknown, [O] Tritrichomonadida, [F] Tritrichomonadidae, [G] Tritrichomonas, [S] Tritrichomonas foetus,0,0,0,0,0,196,0,0,0,0,0,226,0,0,0,0,0,0,120,0,0,0,0,0
[SK] Eukaryota, [P] unknown, [C] unknown, [O] unknown, [F] Entamoebidae, [G] Entamoeba,,0,0,0,0,0,304,0,0,0,0,0,371,0,0,0,0,0,0,190,0,0,0,0,0
[SK] unknown, [P] unknown, [C] unknown, [O] Caudovirales,,,,149,33,197,242,49,161,114,206,102,243,190,352,87,331,166,247,125,29,116,24,123,207,57,31
[SK] unknown, [P] unknown, [C] unknown, [O] Caudovirales, [F] Myoviridae,,,0,484,0,227,64,163,96,315,142,284,0,235,227,401,0,0,225,391,105,393,162,202,203,676
[SK] unknown, [P] unknown, [C] unknown, [O] Caudovirales, [F] Podoviridae,,,0,377,0,0,0,0,0,0,0,0,0,0,81,0,0,0,179,312,0,336,112,0,77,426
[SK] unknown, [P] unknown, [C] unknown, [O] Caudovirales, [F] Siphoviridae,,,0,285,0,0,97,0,0,0,0,0,0,0,0,0,0,0,0,291,0,218,0,0,0,493
[SK] unknown, [P] unknown, [C] unknown, [O] unknown, [F] Poxviridae,,,0,0,0,2,0,0,0,0,0,0,0,0,0,0,0,0,0,0,0,0,0,0,0,0
[SK] unknown, [P] unknown, [C] unknown, [O] unknown, [F] Poxviridae, [G] Parapoxvirus, [S] Orf virus,0,575,0,374,0,0,0,0,0,0,0,0,0,0,0,0,0,0,0,0,0,0,0,0
[SK] unknown, [P] unknown, [C] unknown, [O] unknown, [F] unknown, [G] unknown, [S] uncultured crAssphage,0,254,0,0,101,0,0,0,0,0,0,0,0,0,0,0,0,0,0,215,0,0,72,389